run_id,model,strategy,target_prevalence,feature,importance
random_forest__adasyn__p001__20260407_124424,random_forest,adasyn,0.001,amount_paid,0.05220128833387878
random_forest__adasyn__p001__20260407_124424,random_forest,adasyn,0.001,amount_received,0.056894671594669335
random_forest__adasyn__p001__20260407_124424,random_forest,adasyn,0.001,payment_format,0.049178767085588354
random_forest__adasyn__p001__20260407_124424,random_forest,adasyn,0.001,payment_currency,0.017420740767272586
random_forest__adasyn__p001__20260407_124424,random_forest,adasyn,0.001,hour,0.037076235195515124
random_forest__adasyn__p001__20260407_124424,random_forest,adasyn,0.001,day_of_week,0.029154541597665205
random_forest__adasyn__p001__20260407_124424,random_forest,adasyn,0.001,same_bank_flag,0.0015092608050925357
random_forest__adasyn__p001__20260407_124424,random_forest,adasyn,0.001,self_transfer_flag,0.0006239406931151944
random_forest__adasyn__p001__20260407_124424,random_forest,adasyn,0.001,currency_mismatch,0.00016423660314031474
random_forest__adasyn__p001__20260407_124424,random_forest,adasyn,0.001,amount_ratio,2.483123654195832e-05
random_forest__adasyn__p001__20260407_124424,random_forest,adasyn,0.001,fan_in_score,0.03871710655100081
random_forest__adasyn__p001__20260407_124424,random_forest,adasyn,0.001,fan_out_score,0.017925388843369184
random_forest__adasyn__p001__20260407_124424,random_forest,adasyn,0.001,sender_tx_count_1d,0.027834173981299414
random_forest__adasyn__p001__20260407_124424,random_forest,adasyn,0.001,sender_tx_count_7d,0.034497430280411794
random_forest__adasyn__p001__20260407_124424,random_forest,adasyn,0.001,sender_tx_count_30d,0.04309580851268472
random_forest__adasyn__p001__20260407_124424,random_forest,adasyn,0.001,sender_avg_amount_7d,0.045885912428609746
random_forest__adasyn__p001__20260407_124424,random_forest,adasyn,0.001,sender_avg_amount_30d,0.061802041080653854
random_forest__adasyn__p001__20260407_124424,random_forest,adasyn,0.001,sender_unique_counterparties_7d,0.019336699683222634
random_forest__adasyn__p001__20260407_124424,random_forest,adasyn,0.001,sender_unique_counterparties_30d,0.021684928701799888
random_forest__adasyn__p001__20260407_124424,random_forest,adasyn,0.001,sender_cross_bank_ratio_30d,0.02456629030397524
random_forest__adasyn__p001__20260407_124424,random_forest,adasyn,0.001,sender_entity_type,0.02306432322097153
random_forest__adasyn__p001__20260407_124424,random_forest,adasyn,0.001,receiver_tx_count_1d,0.037146743276890035
random_forest__adasyn__p001__20260407_124424,random_forest,adasyn,0.001,receiver_tx_count_7d,0.03345139585699609
random_forest__adasyn__p001__20260407_124424,random_forest,adasyn,0.001,receiver_tx_count_30d,0.04245997948650014
random_forest__adasyn__p001__20260407_124424,random_forest,adasyn,0.001,receiver_avg_amount_7d,0.05262752437208978
random_forest__adasyn__p001__20260407_124424,random_forest,adasyn,0.001,receiver_avg_amount_30d,0.05456134976857607
random_forest__adasyn__p001__20260407_124424,random_forest,adasyn,0.001,receiver_unique_counterparties_7d,0.036485624126277046
random_forest__adasyn__p001__20260407_124424,random_forest,adasyn,0.001,receiver_unique_counterparties_30d,0.04468046906305484
random_forest__adasyn__p001__20260407_124424,random_forest,adasyn,0.001,receiver_cross_bank_ratio_30d,0.036673588881082346
random_forest__adasyn__p001__20260407_124424,random_forest,adasyn,0.001,receiver_entity_type,0.059254707668055615
random_forest__adasyn__p005__20260407_122508,random_forest,adasyn,0.005,amount_paid,0.02363821598792171
random_forest__adasyn__p005__20260407_122508,random_forest,adasyn,0.005,amount_received,0.023910900951851975
random_forest__adasyn__p005__20260407_122508,random_forest,adasyn,0.005,payment_format,0.11635706817183845
random_forest__adasyn__p005__20260407_122508,random_forest,adasyn,0.005,payment_currency,0.009880615317250603
random_forest__adasyn__p005__20260407_122508,random_forest,adasyn,0.005,hour,0.018639234129265214
random_forest__adasyn__p005__20260407_122508,random_forest,adasyn,0.005,day_of_week,0.03695788729364841
random_forest__adasyn__p005__20260407_122508,random_forest,adasyn,0.005,same_bank_flag,0.00130632767539438
random_forest__adasyn__p005__20260407_122508,random_forest,adasyn,0.005,self_transfer_flag,0.0010566920176548606
random_forest__adasyn__p005__20260407_122508,random_forest,adasyn,0.005,currency_mismatch,0.0003991644429839049
random_forest__adasyn__p005__20260407_122508,random_forest,adasyn,0.005,amount_ratio,8.284648170985629e-05
random_forest__adasyn__p005__20260407_122508,random_forest,adasyn,0.005,fan_in_score,0.02117703116634849
random_forest__adasyn__p005__20260407_122508,random_forest,adasyn,0.005,fan_out_score,0.014943111793318446
random_forest__adasyn__p005__20260407_122508,random_forest,adasyn,0.005,sender_tx_count_1d,0.03538991791167314
random_forest__adasyn__p005__20260407_122508,random_forest,adasyn,0.005,sender_tx_count_7d,0.021712539896322557
random_forest__adasyn__p005__20260407_122508,random_forest,adasyn,0.005,sender_tx_count_30d,0.029477218228192863
random_forest__adasyn__p005__20260407_122508,random_forest,adasyn,0.005,sender_avg_amount_7d,0.0192546262989403
random_forest__adasyn__p005__20260407_122508,random_forest,adasyn,0.005,sender_avg_amount_30d,0.027242417626749272
random_forest__adasyn__p005__20260407_122508,random_forest,adasyn,0.005,sender_unique_counterparties_7d,0.020987279395257567
random_forest__adasyn__p005__20260407_122508,random_forest,adasyn,0.005,sender_unique_counterparties_30d,0.024456382777188722
random_forest__adasyn__p005__20260407_122508,random_forest,adasyn,0.005,sender_cross_bank_ratio_30d,0.0210119842392731
random_forest__adasyn__p005__20260407_122508,random_forest,adasyn,0.005,sender_entity_type,0.05698019273124805
random_forest__adasyn__p005__20260407_122508,random_forest,adasyn,0.005,receiver_tx_count_1d,0.05420119115929401
random_forest__adasyn__p005__20260407_122508,random_forest,adasyn,0.005,receiver_tx_count_7d,0.023902301897373475
random_forest__adasyn__p005__20260407_122508,random_forest,adasyn,0.005,receiver_tx_count_30d,0.022768579993499325
random_forest__adasyn__p005__20260407_122508,random_forest,adasyn,0.005,receiver_avg_amount_7d,0.022045367366956527
random_forest__adasyn__p005__20260407_122508,random_forest,adasyn,0.005,receiver_avg_amount_30d,0.023715057457227327
random_forest__adasyn__p005__20260407_122508,random_forest,adasyn,0.005,receiver_unique_counterparties_7d,0.07980483552610562
random_forest__adasyn__p005__20260407_122508,random_forest,adasyn,0.005,receiver_unique_counterparties_30d,0.08573847299164147
random_forest__adasyn__p005__20260407_122508,random_forest,adasyn,0.005,receiver_cross_bank_ratio_30d,0.02853569300185322
random_forest__adasyn__p005__20260407_122508,random_forest,adasyn,0.005,receiver_entity_type,0.13442684607201705
random_forest__adasyn__p010__20260407_120621,random_forest,adasyn,0.01,amount_paid,0.02363821598792171
random_forest__adasyn__p010__20260407_120621,random_forest,adasyn,0.01,amount_received,0.023910900951851975
random_forest__adasyn__p010__20260407_120621,random_forest,adasyn,0.01,payment_format,0.11635706817183845
random_forest__adasyn__p010__20260407_120621,random_forest,adasyn,0.01,payment_currency,0.009880615317250603
random_forest__adasyn__p010__20260407_120621,random_forest,adasyn,0.01,hour,0.018639234129265214
random_forest__adasyn__p010__20260407_120621,random_forest,adasyn,0.01,day_of_week,0.03695788729364841
random_forest__adasyn__p010__20260407_120621,random_forest,adasyn,0.01,same_bank_flag,0.00130632767539438
random_forest__adasyn__p010__20260407_120621,random_forest,adasyn,0.01,self_transfer_flag,0.0010566920176548606
random_forest__adasyn__p010__20260407_120621,random_forest,adasyn,0.01,currency_mismatch,0.0003991644429839049
random_forest__adasyn__p010__20260407_120621,random_forest,adasyn,0.01,amount_ratio,8.284648170985629e-05
random_forest__adasyn__p010__20260407_120621,random_forest,adasyn,0.01,fan_in_score,0.02117703116634849
random_forest__adasyn__p010__20260407_120621,random_forest,adasyn,0.01,fan_out_score,0.014943111793318446
random_forest__adasyn__p010__20260407_120621,random_forest,adasyn,0.01,sender_tx_count_1d,0.03538991791167314
random_forest__adasyn__p010__20260407_120621,random_forest,adasyn,0.01,sender_tx_count_7d,0.021712539896322557
random_forest__adasyn__p010__20260407_120621,random_forest,adasyn,0.01,sender_tx_count_30d,0.029477218228192863
random_forest__adasyn__p010__20260407_120621,random_forest,adasyn,0.01,sender_avg_amount_7d,0.0192546262989403
random_forest__adasyn__p010__20260407_120621,random_forest,adasyn,0.01,sender_avg_amount_30d,0.027242417626749272
random_forest__adasyn__p010__20260407_120621,random_forest,adasyn,0.01,sender_unique_counterparties_7d,0.020987279395257567
random_forest__adasyn__p010__20260407_120621,random_forest,adasyn,0.01,sender_unique_counterparties_30d,0.024456382777188722
random_forest__adasyn__p010__20260407_120621,random_forest,adasyn,0.01,sender_cross_bank_ratio_30d,0.0210119842392731
random_forest__adasyn__p010__20260407_120621,random_forest,adasyn,0.01,sender_entity_type,0.05698019273124805
random_forest__adasyn__p010__20260407_120621,random_forest,adasyn,0.01,receiver_tx_count_1d,0.05420119115929401
random_forest__adasyn__p010__20260407_120621,random_forest,adasyn,0.01,receiver_tx_count_7d,0.023902301897373475
random_forest__adasyn__p010__20260407_120621,random_forest,adasyn,0.01,receiver_tx_count_30d,0.022768579993499325
random_forest__adasyn__p010__20260407_120621,random_forest,adasyn,0.01,receiver_avg_amount_7d,0.022045367366956527
random_forest__adasyn__p010__20260407_120621,random_forest,adasyn,0.01,receiver_avg_amount_30d,0.023715057457227327
random_forest__adasyn__p010__20260407_120621,random_forest,adasyn,0.01,receiver_unique_counterparties_7d,0.07980483552610562
random_forest__adasyn__p010__20260407_120621,random_forest,adasyn,0.01,receiver_unique_counterparties_30d,0.08573847299164147
random_forest__adasyn__p010__20260407_120621,random_forest,adasyn,0.01,receiver_cross_bank_ratio_30d,0.02853569300185322
random_forest__adasyn__p010__20260407_120621,random_forest,adasyn,0.01,receiver_entity_type,0.13442684607201705
random_forest__baseline__p001__20260404_140031,random_forest,baseline,0.001,amount_paid,0.07177997997461782
random_forest__baseline__p001__20260404_140031,random_forest,baseline,0.001,amount_received,0.06933167482610286
random_forest__baseline__p001__20260404_140031,random_forest,baseline,0.001,payment_format,0.018798221184555562
random_forest__baseline__p001__20260404_140031,random_forest,baseline,0.001,payment_currency,0.02100377295348659
random_forest__baseline__p001__20260404_140031,random_forest,baseline,0.001,hour,0.04192087181397926
random_forest__baseline__p001__20260404_140031,random_forest,baseline,0.001,day_of_week,0.030052838945699625
random_forest__baseline__p001__20260404_140031,random_forest,baseline,0.001,same_bank_flag,0.001223960737737259
random_forest__baseline__p001__20260404_140031,random_forest,baseline,0.001,self_transfer_flag,0.0008747646089439756
random_forest__baseline__p001__20260404_140031,random_forest,baseline,0.001,currency_mismatch,7.290447680629333e-05
random_forest__baseline__p001__20260404_140031,random_forest,baseline,0.001,amount_ratio,4.8463947018039685e-05
random_forest__baseline__p001__20260404_140031,random_forest,baseline,0.001,fan_in_score,0.04632807163247096
random_forest__baseline__p001__20260404_140031,random_forest,baseline,0.001,fan_out_score,0.0197141686660472
random_forest__baseline__p001__20260404_140031,random_forest,baseline,0.001,sender_tx_count_1d,0.026844042335144928
random_forest__baseline__p001__20260404_140031,random_forest,baseline,0.001,sender_tx_count_7d,0.03437277007669712
random_forest__baseline__p001__20260404_140031,random_forest,baseline,0.001,sender_tx_count_30d,0.044587102900901225
random_forest__baseline__p001__20260404_140031,random_forest,baseline,0.001,sender_avg_amount_7d,0.0600968075413743
random_forest__baseline__p001__20260404_140031,random_forest,baseline,0.001,sender_avg_amount_30d,0.08686876100005655
random_forest__baseline__p001__20260404_140031,random_forest,baseline,0.001,sender_unique_counterparties_7d,0.018905120667853437
random_forest__baseline__p001__20260404_140031,random_forest,baseline,0.001,sender_unique_counterparties_30d,0.019564644290567042
random_forest__baseline__p001__20260404_140031,random_forest,baseline,0.001,sender_cross_bank_ratio_30d,0.027229794745355727
random_forest__baseline__p001__20260404_140031,random_forest,baseline,0.001,sender_entity_type,0.013852966323986781
random_forest__baseline__p001__20260404_140031,random_forest,baseline,0.001,receiver_tx_count_1d,0.026572758211695545
random_forest__baseline__p001__20260404_140031,random_forest,baseline,0.001,receiver_tx_count_7d,0.032677157656191766
random_forest__baseline__p001__20260404_140031,random_forest,baseline,0.001,receiver_tx_count_30d,0.052568398088306705
random_forest__baseline__p001__20260404_140031,random_forest,baseline,0.001,receiver_avg_amount_7d,0.064617125378471
random_forest__baseline__p001__20260404_140031,random_forest,baseline,0.001,receiver_avg_amount_30d,0.06771674774351412
random_forest__baseline__p001__20260404_140031,random_forest,baseline,0.001,receiver_unique_counterparties_7d,0.019636705836180067
random_forest__baseline__p001__20260404_140031,random_forest,baseline,0.001,receiver_unique_counterparties_30d,0.027048002354257816
random_forest__baseline__p001__20260404_140031,random_forest,baseline,0.001,receiver_cross_bank_ratio_30d,0.04131714900596361
random_forest__baseline__p001__20260404_140031,random_forest,baseline,0.001,receiver_entity_type,0.014374252076016883
random_forest__baseline__p005__20260404_134339,random_forest,baseline,0.005,amount_paid,0.07177997997461782
random_forest__baseline__p005__20260404_134339,random_forest,baseline,0.005,amount_received,0.06933167482610286
random_forest__baseline__p005__20260404_134339,random_forest,baseline,0.005,payment_format,0.018798221184555562
random_forest__baseline__p005__20260404_134339,random_forest,baseline,0.005,payment_currency,0.02100377295348659
random_forest__baseline__p005__20260404_134339,random_forest,baseline,0.005,hour,0.04192087181397926
random_forest__baseline__p005__20260404_134339,random_forest,baseline,0.005,day_of_week,0.030052838945699625
random_forest__baseline__p005__20260404_134339,random_forest,baseline,0.005,same_bank_flag,0.001223960737737259
random_forest__baseline__p005__20260404_134339,random_forest,baseline,0.005,self_transfer_flag,0.0008747646089439756
random_forest__baseline__p005__20260404_134339,random_forest,baseline,0.005,currency_mismatch,7.290447680629333e-05
random_forest__baseline__p005__20260404_134339,random_forest,baseline,0.005,amount_ratio,4.8463947018039685e-05
random_forest__baseline__p005__20260404_134339,random_forest,baseline,0.005,fan_in_score,0.04632807163247096
random_forest__baseline__p005__20260404_134339,random_forest,baseline,0.005,fan_out_score,0.0197141686660472
random_forest__baseline__p005__20260404_134339,random_forest,baseline,0.005,sender_tx_count_1d,0.026844042335144928
random_forest__baseline__p005__20260404_134339,random_forest,baseline,0.005,sender_tx_count_7d,0.03437277007669712
random_forest__baseline__p005__20260404_134339,random_forest,baseline,0.005,sender_tx_count_30d,0.044587102900901225
random_forest__baseline__p005__20260404_134339,random_forest,baseline,0.005,sender_avg_amount_7d,0.0600968075413743
random_forest__baseline__p005__20260404_134339,random_forest,baseline,0.005,sender_avg_amount_30d,0.08686876100005655
random_forest__baseline__p005__20260404_134339,random_forest,baseline,0.005,sender_unique_counterparties_7d,0.018905120667853437
random_forest__baseline__p005__20260404_134339,random_forest,baseline,0.005,sender_unique_counterparties_30d,0.019564644290567042
random_forest__baseline__p005__20260404_134339,random_forest,baseline,0.005,sender_cross_bank_ratio_30d,0.027229794745355727
random_forest__baseline__p005__20260404_134339,random_forest,baseline,0.005,sender_entity_type,0.013852966323986781
random_forest__baseline__p005__20260404_134339,random_forest,baseline,0.005,receiver_tx_count_1d,0.026572758211695545
random_forest__baseline__p005__20260404_134339,random_forest,baseline,0.005,receiver_tx_count_7d,0.032677157656191766
random_forest__baseline__p005__20260404_134339,random_forest,baseline,0.005,receiver_tx_count_30d,0.052568398088306705
random_forest__baseline__p005__20260404_134339,random_forest,baseline,0.005,receiver_avg_amount_7d,0.064617125378471
random_forest__baseline__p005__20260404_134339,random_forest,baseline,0.005,receiver_avg_amount_30d,0.06771674774351412
random_forest__baseline__p005__20260404_134339,random_forest,baseline,0.005,receiver_unique_counterparties_7d,0.019636705836180067
random_forest__baseline__p005__20260404_134339,random_forest,baseline,0.005,receiver_unique_counterparties_30d,0.027048002354257816
random_forest__baseline__p005__20260404_134339,random_forest,baseline,0.005,receiver_cross_bank_ratio_30d,0.04131714900596361
random_forest__baseline__p005__20260404_134339,random_forest,baseline,0.005,receiver_entity_type,0.014374252076016883
random_forest__baseline__p010__20260404_132609,random_forest,baseline,0.01,amount_paid,0.07177997997461782
random_forest__baseline__p010__20260404_132609,random_forest,baseline,0.01,amount_received,0.06933167482610286
random_forest__baseline__p010__20260404_132609,random_forest,baseline,0.01,payment_format,0.018798221184555562
random_forest__baseline__p010__20260404_132609,random_forest,baseline,0.01,payment_currency,0.02100377295348659
random_forest__baseline__p010__20260404_132609,random_forest,baseline,0.01,hour,0.04192087181397926
random_forest__baseline__p010__20260404_132609,random_forest,baseline,0.01,day_of_week,0.030052838945699625
random_forest__baseline__p010__20260404_132609,random_forest,baseline,0.01,same_bank_flag,0.001223960737737259
random_forest__baseline__p010__20260404_132609,random_forest,baseline,0.01,self_transfer_flag,0.0008747646089439756
random_forest__baseline__p010__20260404_132609,random_forest,baseline,0.01,currency_mismatch,7.290447680629333e-05
random_forest__baseline__p010__20260404_132609,random_forest,baseline,0.01,amount_ratio,4.8463947018039685e-05
random_forest__baseline__p010__20260404_132609,random_forest,baseline,0.01,fan_in_score,0.04632807163247096
random_forest__baseline__p010__20260404_132609,random_forest,baseline,0.01,fan_out_score,0.0197141686660472
random_forest__baseline__p010__20260404_132609,random_forest,baseline,0.01,sender_tx_count_1d,0.026844042335144928
random_forest__baseline__p010__20260404_132609,random_forest,baseline,0.01,sender_tx_count_7d,0.03437277007669712
random_forest__baseline__p010__20260404_132609,random_forest,baseline,0.01,sender_tx_count_30d,0.044587102900901225
random_forest__baseline__p010__20260404_132609,random_forest,baseline,0.01,sender_avg_amount_7d,0.0600968075413743
random_forest__baseline__p010__20260404_132609,random_forest,baseline,0.01,sender_avg_amount_30d,0.08686876100005655
random_forest__baseline__p010__20260404_132609,random_forest,baseline,0.01,sender_unique_counterparties_7d,0.018905120667853437
random_forest__baseline__p010__20260404_132609,random_forest,baseline,0.01,sender_unique_counterparties_30d,0.019564644290567042
random_forest__baseline__p010__20260404_132609,random_forest,baseline,0.01,sender_cross_bank_ratio_30d,0.027229794745355727
random_forest__baseline__p010__20260404_132609,random_forest,baseline,0.01,sender_entity_type,0.013852966323986781
random_forest__baseline__p010__20260404_132609,random_forest,baseline,0.01,receiver_tx_count_1d,0.026572758211695545
random_forest__baseline__p010__20260404_132609,random_forest,baseline,0.01,receiver_tx_count_7d,0.032677157656191766
random_forest__baseline__p010__20260404_132609,random_forest,baseline,0.01,receiver_tx_count_30d,0.052568398088306705
random_forest__baseline__p010__20260404_132609,random_forest,baseline,0.01,receiver_avg_amount_7d,0.064617125378471
random_forest__baseline__p010__20260404_132609,random_forest,baseline,0.01,receiver_avg_amount_30d,0.06771674774351412
random_forest__baseline__p010__20260404_132609,random_forest,baseline,0.01,receiver_unique_counterparties_7d,0.019636705836180067
random_forest__baseline__p010__20260404_132609,random_forest,baseline,0.01,receiver_unique_counterparties_30d,0.027048002354257816
random_forest__baseline__p010__20260404_132609,random_forest,baseline,0.01,receiver_cross_bank_ratio_30d,0.04131714900596361
random_forest__baseline__p010__20260404_132609,random_forest,baseline,0.01,receiver_entity_type,0.014374252076016883
random_forest__class_weighting__p001__20260407_153534,random_forest,class_weighting,0.001,amount_paid,0.03327088701042851
random_forest__class_weighting__p001__20260407_153534,random_forest,class_weighting,0.001,amount_received,0.03766532779557595
random_forest__class_weighting__p001__20260407_153534,random_forest,class_weighting,0.001,payment_format,0.21155595147148087
random_forest__class_weighting__p001__20260407_153534,random_forest,class_weighting,0.001,payment_currency,0.007427008707075842
random_forest__class_weighting__p001__20260407_153534,random_forest,class_weighting,0.001,hour,0.025766188782262174
random_forest__class_weighting__p001__20260407_153534,random_forest,class_weighting,0.001,day_of_week,0.013881680557974228
random_forest__class_weighting__p001__20260407_153534,random_forest,class_weighting,0.001,same_bank_flag,0.011604283191561055
random_forest__class_weighting__p001__20260407_153534,random_forest,class_weighting,0.001,self_transfer_flag,0.009497326093461583
random_forest__class_weighting__p001__20260407_153534,random_forest,class_weighting,0.001,currency_mismatch,0.0016073398009341167
random_forest__class_weighting__p001__20260407_153534,random_forest,class_weighting,0.001,amount_ratio,0.00045434263769896573
random_forest__class_weighting__p001__20260407_153534,random_forest,class_weighting,0.001,fan_in_score,0.07321021148495753
random_forest__class_weighting__p001__20260407_153534,random_forest,class_weighting,0.001,fan_out_score,0.030748114772662635
random_forest__class_weighting__p001__20260407_153534,random_forest,class_weighting,0.001,sender_tx_count_1d,0.04318913780665579
random_forest__class_weighting__p001__20260407_153534,random_forest,class_weighting,0.001,sender_tx_count_7d,0.09825597855792155
random_forest__class_weighting__p001__20260407_153534,random_forest,class_weighting,0.001,sender_tx_count_30d,0.07080084989533325
random_forest__class_weighting__p001__20260407_153534,random_forest,class_weighting,0.001,sender_avg_amount_7d,0.021026524230196134
random_forest__class_weighting__p001__20260407_153534,random_forest,class_weighting,0.001,sender_avg_amount_30d,0.029891385884603758
random_forest__class_weighting__p001__20260407_153534,random_forest,class_weighting,0.001,sender_unique_counterparties_7d,0.026511375584059933
random_forest__class_weighting__p001__20260407_153534,random_forest,class_weighting,0.001,sender_unique_counterparties_30d,0.022429002039744215
random_forest__class_weighting__p001__20260407_153534,random_forest,class_weighting,0.001,sender_cross_bank_ratio_30d,0.032903988834090896
random_forest__class_weighting__p001__20260407_153534,random_forest,class_weighting,0.001,sender_entity_type,0.005005282964689575
random_forest__class_weighting__p001__20260407_153534,random_forest,class_weighting,0.001,receiver_tx_count_1d,0.014274954987354854
random_forest__class_weighting__p001__20260407_153534,random_forest,class_weighting,0.001,receiver_tx_count_7d,0.041631122796874746
random_forest__class_weighting__p001__20260407_153534,random_forest,class_weighting,0.001,receiver_tx_count_30d,0.04066710400698463
random_forest__class_weighting__p001__20260407_153534,random_forest,class_weighting,0.001,receiver_avg_amount_7d,0.02311417145928074
random_forest__class_weighting__p001__20260407_153534,random_forest,class_weighting,0.001,receiver_avg_amount_30d,0.021054285518451517
random_forest__class_weighting__p001__20260407_153534,random_forest,class_weighting,0.001,receiver_unique_counterparties_7d,0.011594159373875373
random_forest__class_weighting__p001__20260407_153534,random_forest,class_weighting,0.001,receiver_unique_counterparties_30d,0.013359558631110722
random_forest__class_weighting__p001__20260407_153534,random_forest,class_weighting,0.001,receiver_cross_bank_ratio_30d,0.02256001990500149
random_forest__class_weighting__p001__20260407_153534,random_forest,class_weighting,0.001,receiver_entity_type,0.005042435217697272
random_forest__class_weighting__p005__20260407_151823,random_forest,class_weighting,0.005,amount_paid,0.04292602012795355
random_forest__class_weighting__p005__20260407_151823,random_forest,class_weighting,0.005,amount_received,0.05123830083691514
random_forest__class_weighting__p005__20260407_151823,random_forest,class_weighting,0.005,payment_format,0.15261606299859798
random_forest__class_weighting__p005__20260407_151823,random_forest,class_weighting,0.005,payment_currency,0.012271066252578422
random_forest__class_weighting__p005__20260407_151823,random_forest,class_weighting,0.005,hour,0.034379977929891115
random_forest__class_weighting__p005__20260407_151823,random_forest,class_weighting,0.005,day_of_week,0.024230931556800926
random_forest__class_weighting__p005__20260407_151823,random_forest,class_weighting,0.005,same_bank_flag,0.010963044266405632
random_forest__class_weighting__p005__20260407_151823,random_forest,class_weighting,0.005,self_transfer_flag,0.009699356468302438
random_forest__class_weighting__p005__20260407_151823,random_forest,class_weighting,0.005,currency_mismatch,0.0005890340050611314
random_forest__class_weighting__p005__20260407_151823,random_forest,class_weighting,0.005,amount_ratio,0.00028263962486737437
random_forest__class_weighting__p005__20260407_151823,random_forest,class_weighting,0.005,fan_in_score,0.05514178413622763
random_forest__class_weighting__p005__20260407_151823,random_forest,class_weighting,0.005,fan_out_score,0.021380898427173972
random_forest__class_weighting__p005__20260407_151823,random_forest,class_weighting,0.005,sender_tx_count_1d,0.03635063815742202
random_forest__class_weighting__p005__20260407_151823,random_forest,class_weighting,0.005,sender_tx_count_7d,0.063849928677835
random_forest__class_weighting__p005__20260407_151823,random_forest,class_weighting,0.005,sender_tx_count_30d,0.0645385159152829
random_forest__class_weighting__p005__20260407_151823,random_forest,class_weighting,0.005,sender_avg_amount_7d,0.032718579016712976
random_forest__class_weighting__p005__20260407_151823,random_forest,class_weighting,0.005,sender_avg_amount_30d,0.04162158902193024
random_forest__class_weighting__p005__20260407_151823,random_forest,class_weighting,0.005,sender_unique_counterparties_7d,0.021083820289683114
random_forest__class_weighting__p005__20260407_151823,random_forest,class_weighting,0.005,sender_unique_counterparties_30d,0.02224040046713711
random_forest__class_weighting__p005__20260407_151823,random_forest,class_weighting,0.005,sender_cross_bank_ratio_30d,0.03236819306653393
random_forest__class_weighting__p005__20260407_151823,random_forest,class_weighting,0.005,sender_entity_type,0.009095132302260755
random_forest__class_weighting__p005__20260407_151823,random_forest,class_weighting,0.005,receiver_tx_count_1d,0.02460997503615982
random_forest__class_weighting__p005__20260407_151823,random_forest,class_weighting,0.005,receiver_tx_count_7d,0.041288027097255965
random_forest__class_weighting__p005__20260407_151823,random_forest,class_weighting,0.005,receiver_tx_count_30d,0.04473812813315762
random_forest__class_weighting__p005__20260407_151823,random_forest,class_weighting,0.005,receiver_avg_amount_7d,0.03501773725012498
random_forest__class_weighting__p005__20260407_151823,random_forest,class_weighting,0.005,receiver_avg_amount_30d,0.03651449691062138
random_forest__class_weighting__p005__20260407_151823,random_forest,class_weighting,0.005,receiver_unique_counterparties_7d,0.01812284452188112
random_forest__class_weighting__p005__20260407_151823,random_forest,class_weighting,0.005,receiver_unique_counterparties_30d,0.02055529234699409
random_forest__class_weighting__p005__20260407_151823,random_forest,class_weighting,0.005,receiver_cross_bank_ratio_30d,0.031204003196764706
random_forest__class_weighting__p005__20260407_151823,random_forest,class_weighting,0.005,receiver_entity_type,0.008363581961466976
random_forest__class_weighting__p010__20260407_132552,random_forest,class_weighting,0.01,amount_paid,0.05033443743599174
random_forest__class_weighting__p010__20260407_132552,random_forest,class_weighting,0.01,amount_received,0.053009925464944777
random_forest__class_weighting__p010__20260407_132552,random_forest,class_weighting,0.01,payment_format,0.12197323012764992
random_forest__class_weighting__p010__20260407_132552,random_forest,class_weighting,0.01,payment_currency,0.013125186331591284
random_forest__class_weighting__p010__20260407_132552,random_forest,class_weighting,0.01,hour,0.03738498420120695
random_forest__class_weighting__p010__20260407_132552,random_forest,class_weighting,0.01,day_of_week,0.0285625377040117
random_forest__class_weighting__p010__20260407_132552,random_forest,class_weighting,0.01,same_bank_flag,0.008881152867405817
random_forest__class_weighting__p010__20260407_132552,random_forest,class_weighting,0.01,self_transfer_flag,0.006766560233495998
random_forest__class_weighting__p010__20260407_132552,random_forest,class_weighting,0.01,currency_mismatch,0.0003800084107622295
random_forest__class_weighting__p010__20260407_132552,random_forest,class_weighting,0.01,amount_ratio,0.00028495955057884423
random_forest__class_weighting__p010__20260407_132552,random_forest,class_weighting,0.01,fan_in_score,0.04758983733195881
random_forest__class_weighting__p010__20260407_132552,random_forest,class_weighting,0.01,fan_out_score,0.01971776579597477
random_forest__class_weighting__p010__20260407_132552,random_forest,class_weighting,0.01,sender_tx_count_1d,0.03242951583976817
random_forest__class_weighting__p010__20260407_132552,random_forest,class_weighting,0.01,sender_tx_count_7d,0.05984743275834323
random_forest__class_weighting__p010__20260407_132552,random_forest,class_weighting,0.01,sender_tx_count_30d,0.059052617312102255
random_forest__class_weighting__p010__20260407_132552,random_forest,class_weighting,0.01,sender_avg_amount_7d,0.035815820715370726
random_forest__class_weighting__p010__20260407_132552,random_forest,class_weighting,0.01,sender_avg_amount_30d,0.05521089236004786
random_forest__class_weighting__p010__20260407_132552,random_forest,class_weighting,0.01,sender_unique_counterparties_7d,0.024486981693275275
random_forest__class_weighting__p010__20260407_132552,random_forest,class_weighting,0.01,sender_unique_counterparties_30d,0.018065166206781252
random_forest__class_weighting__p010__20260407_132552,random_forest,class_weighting,0.01,sender_cross_bank_ratio_30d,0.030746176978717503
random_forest__class_weighting__p010__20260407_132552,random_forest,class_weighting,0.01,sender_entity_type,0.010880565264803346
random_forest__class_weighting__p010__20260407_132552,random_forest,class_weighting,0.01,receiver_tx_count_1d,0.028041046401977
random_forest__class_weighting__p010__20260407_132552,random_forest,class_weighting,0.01,receiver_tx_count_7d,0.03965723709119453
random_forest__class_weighting__p010__20260407_132552,random_forest,class_weighting,0.01,receiver_tx_count_30d,0.044875122330939696
random_forest__class_weighting__p010__20260407_132552,random_forest,class_weighting,0.01,receiver_avg_amount_7d,0.04111236729007785
random_forest__class_weighting__p010__20260407_132552,random_forest,class_weighting,0.01,receiver_avg_amount_30d,0.04205294776424071
random_forest__class_weighting__p010__20260407_132552,random_forest,class_weighting,0.01,receiver_unique_counterparties_7d,0.021830565280750173
random_forest__class_weighting__p010__20260407_132552,random_forest,class_weighting,0.01,receiver_unique_counterparties_30d,0.024418840151111707
random_forest__class_weighting__p010__20260407_132552,random_forest,class_weighting,0.01,receiver_cross_bank_ratio_30d,0.03489408094782119
random_forest__class_weighting__p010__20260407_132552,random_forest,class_weighting,0.01,receiver_entity_type,0.008572038157104615
random_forest__random_undersampling__p001__20260404_145300,random_forest,random_undersampling,0.001,amount_paid,0.07030740202103264
random_forest__random_undersampling__p001__20260404_145300,random_forest,random_undersampling,0.001,amount_received,0.06890907382447142
random_forest__random_undersampling__p001__20260404_145300,random_forest,random_undersampling,0.001,payment_format,0.025704677721476398
random_forest__random_undersampling__p001__20260404_145300,random_forest,random_undersampling,0.001,payment_currency,0.02248775805380008
random_forest__random_undersampling__p001__20260404_145300,random_forest,random_undersampling,0.001,hour,0.045753894534606925
random_forest__random_undersampling__p001__20260404_145300,random_forest,random_undersampling,0.001,day_of_week,0.0316931411508643
random_forest__random_undersampling__p001__20260404_145300,random_forest,random_undersampling,0.001,same_bank_flag,0.0011797957163793657
random_forest__random_undersampling__p001__20260404_145300,random_forest,random_undersampling,0.001,self_transfer_flag,0.0013775510708921006
random_forest__random_undersampling__p001__20260404_145300,random_forest,random_undersampling,0.001,currency_mismatch,0.0004430256758412759
random_forest__random_undersampling__p001__20260404_145300,random_forest,random_undersampling,0.001,amount_ratio,1.8930400538458574e-05
random_forest__random_undersampling__p001__20260404_145300,random_forest,random_undersampling,0.001,fan_in_score,0.04350442443757739
random_forest__random_undersampling__p001__20260404_145300,random_forest,random_undersampling,0.001,fan_out_score,0.016271885156366947
random_forest__random_undersampling__p001__20260404_145300,random_forest,random_undersampling,0.001,sender_tx_count_1d,0.02530782978011029
random_forest__random_undersampling__p001__20260404_145300,random_forest,random_undersampling,0.001,sender_tx_count_7d,0.03418874509999209
random_forest__random_undersampling__p001__20260404_145300,random_forest,random_undersampling,0.001,sender_tx_count_30d,0.04296325592379904
random_forest__random_undersampling__p001__20260404_145300,random_forest,random_undersampling,0.001,sender_avg_amount_7d,0.0526474509239709
random_forest__random_undersampling__p001__20260404_145300,random_forest,random_undersampling,0.001,sender_avg_amount_30d,0.09039301062891625
random_forest__random_undersampling__p001__20260404_145300,random_forest,random_undersampling,0.001,sender_unique_counterparties_7d,0.016791157187196593
random_forest__random_undersampling__p001__20260404_145300,random_forest,random_undersampling,0.001,sender_unique_counterparties_30d,0.020789525205976447
random_forest__random_undersampling__p001__20260404_145300,random_forest,random_undersampling,0.001,sender_cross_bank_ratio_30d,0.02858403196522243
random_forest__random_undersampling__p001__20260404_145300,random_forest,random_undersampling,0.001,sender_entity_type,0.015507911570054727
random_forest__random_undersampling__p001__20260404_145300,random_forest,random_undersampling,0.001,receiver_tx_count_1d,0.02796108831134198
random_forest__random_undersampling__p001__20260404_145300,random_forest,random_undersampling,0.001,receiver_tx_count_7d,0.0335527064726464
random_forest__random_undersampling__p001__20260404_145300,random_forest,random_undersampling,0.001,receiver_tx_count_30d,0.04917130827756611
random_forest__random_undersampling__p001__20260404_145300,random_forest,random_undersampling,0.001,receiver_avg_amount_7d,0.060749706626644466
random_forest__random_undersampling__p001__20260404_145300,random_forest,random_undersampling,0.001,receiver_avg_amount_30d,0.07038014400928268
random_forest__random_undersampling__p001__20260404_145300,random_forest,random_undersampling,0.001,receiver_unique_counterparties_7d,0.021758014044761756
random_forest__random_undersampling__p001__20260404_145300,random_forest,random_undersampling,0.001,receiver_unique_counterparties_30d,0.027537699746963483
random_forest__random_undersampling__p001__20260404_145300,random_forest,random_undersampling,0.001,receiver_cross_bank_ratio_30d,0.04256826353427651
random_forest__random_undersampling__p001__20260404_145300,random_forest,random_undersampling,0.001,receiver_entity_type,0.011496590927430501
random_forest__random_undersampling__p005__20260404_144450,random_forest,random_undersampling,0.005,amount_paid,0.05837141582989229
random_forest__random_undersampling__p005__20260404_144450,random_forest,random_undersampling,0.005,amount_received,0.05954943759142873
random_forest__random_undersampling__p005__20260404_144450,random_forest,random_undersampling,0.005,payment_format,0.062275078085842706
random_forest__random_undersampling__p005__20260404_144450,random_forest,random_undersampling,0.005,payment_currency,0.01676690326591916
random_forest__random_undersampling__p005__20260404_144450,random_forest,random_undersampling,0.005,hour,0.03963302519019215
random_forest__random_undersampling__p005__20260404_144450,random_forest,random_undersampling,0.005,day_of_week,0.03988453695923833
random_forest__random_undersampling__p005__20260404_144450,random_forest,random_undersampling,0.005,same_bank_flag,0.00431511349809995
random_forest__random_undersampling__p005__20260404_144450,random_forest,random_undersampling,0.005,self_transfer_flag,0.004581610748439849
random_forest__random_undersampling__p005__20260404_144450,random_forest,random_undersampling,0.005,currency_mismatch,0.0012027357348834192
random_forest__random_undersampling__p005__20260404_144450,random_forest,random_undersampling,0.005,amount_ratio,0.00011211480298596996
random_forest__random_undersampling__p005__20260404_144450,random_forest,random_undersampling,0.005,fan_in_score,0.039602505944888906
random_forest__random_undersampling__p005__20260404_144450,random_forest,random_undersampling,0.005,fan_out_score,0.019932463308231972
random_forest__random_undersampling__p005__20260404_144450,random_forest,random_undersampling,0.005,sender_tx_count_1d,0.026949160899098934
random_forest__random_undersampling__p005__20260404_144450,random_forest,random_undersampling,0.005,sender_tx_count_7d,0.036942317432068966
random_forest__random_undersampling__p005__20260404_144450,random_forest,random_undersampling,0.005,sender_tx_count_30d,0.045129313214084574
random_forest__random_undersampling__p005__20260404_144450,random_forest,random_undersampling,0.005,sender_avg_amount_7d,0.04716499968128985
random_forest__random_undersampling__p005__20260404_144450,random_forest,random_undersampling,0.005,sender_avg_amount_30d,0.08181003261600535
random_forest__random_undersampling__p005__20260404_144450,random_forest,random_undersampling,0.005,sender_unique_counterparties_7d,0.015990017435542424
random_forest__random_undersampling__p005__20260404_144450,random_forest,random_undersampling,0.005,sender_unique_counterparties_30d,0.01893457646404286
random_forest__random_undersampling__p005__20260404_144450,random_forest,random_undersampling,0.005,sender_cross_bank_ratio_30d,0.03297269093538062
random_forest__random_undersampling__p005__20260404_144450,random_forest,random_undersampling,0.005,sender_entity_type,0.016186492699179104
random_forest__random_undersampling__p005__20260404_144450,random_forest,random_undersampling,0.005,receiver_tx_count_1d,0.03207080194306616
random_forest__random_undersampling__p005__20260404_144450,random_forest,random_undersampling,0.005,receiver_tx_count_7d,0.04012229948993111
random_forest__random_undersampling__p005__20260404_144450,random_forest,random_undersampling,0.005,receiver_tx_count_30d,0.046416764483681504
random_forest__random_undersampling__p005__20260404_144450,random_forest,random_undersampling,0.005,receiver_avg_amount_7d,0.0532746550575749
random_forest__random_undersampling__p005__20260404_144450,random_forest,random_undersampling,0.005,receiver_avg_amount_30d,0.05910541988191356
random_forest__random_undersampling__p005__20260404_144450,random_forest,random_undersampling,0.005,receiver_unique_counterparties_7d,0.023649032210727366
random_forest__random_undersampling__p005__20260404_144450,random_forest,random_undersampling,0.005,receiver_unique_counterparties_30d,0.02688498317265421
random_forest__random_undersampling__p005__20260404_144450,random_forest,random_undersampling,0.005,receiver_cross_bank_ratio_30d,0.03800693086164627
random_forest__random_undersampling__p005__20260404_144450,random_forest,random_undersampling,0.005,receiver_entity_type,0.012162570562068842
random_forest__random_undersampling__p010__20260404_143732,random_forest,random_undersampling,0.01,amount_paid,0.052897616489692115
random_forest__random_undersampling__p010__20260404_143732,random_forest,random_undersampling,0.01,amount_received,0.05207281062755296
random_forest__random_undersampling__p010__20260404_143732,random_forest,random_undersampling,0.01,payment_format,0.08636779417593518
random_forest__random_undersampling__p010__20260404_143732,random_forest,random_undersampling,0.01,payment_currency,0.01494526133729349
random_forest__random_undersampling__p010__20260404_143732,random_forest,random_undersampling,0.01,hour,0.037773769870583375
random_forest__random_undersampling__p010__20260404_143732,random_forest,random_undersampling,0.01,day_of_week,0.043151170146596994
random_forest__random_undersampling__p010__20260404_143732,random_forest,random_undersampling,0.01,same_bank_flag,0.007143340827110425
random_forest__random_undersampling__p010__20260404_143732,random_forest,random_undersampling,0.01,self_transfer_flag,0.006433318694165847
random_forest__random_undersampling__p010__20260404_143732,random_forest,random_undersampling,0.01,currency_mismatch,0.0015760509059558581
random_forest__random_undersampling__p010__20260404_143732,random_forest,random_undersampling,0.01,amount_ratio,0.0002333581681606984
random_forest__random_undersampling__p010__20260404_143732,random_forest,random_undersampling,0.01,fan_in_score,0.039570083129606866
random_forest__random_undersampling__p010__20260404_143732,random_forest,random_undersampling,0.01,fan_out_score,0.019153831120359722
random_forest__random_undersampling__p010__20260404_143732,random_forest,random_undersampling,0.01,sender_tx_count_1d,0.029108189952379727
random_forest__random_undersampling__p010__20260404_143732,random_forest,random_undersampling,0.01,sender_tx_count_7d,0.044463684858821774
random_forest__random_undersampling__p010__20260404_143732,random_forest,random_undersampling,0.01,sender_tx_count_30d,0.047319556381458225
random_forest__random_undersampling__p010__20260404_143732,random_forest,random_undersampling,0.01,sender_avg_amount_7d,0.040905969397260496
random_forest__random_undersampling__p010__20260404_143732,random_forest,random_undersampling,0.01,sender_avg_amount_30d,0.07605277131548442
random_forest__random_undersampling__p010__20260404_143732,random_forest,random_undersampling,0.01,sender_unique_counterparties_7d,0.016265123842753044
random_forest__random_undersampling__p010__20260404_143732,random_forest,random_undersampling,0.01,sender_unique_counterparties_30d,0.017840919239766672
random_forest__random_undersampling__p010__20260404_143732,random_forest,random_undersampling,0.01,sender_cross_bank_ratio_30d,0.03463859283192093
random_forest__random_undersampling__p010__20260404_143732,random_forest,random_undersampling,0.01,sender_entity_type,0.01702490989561255
random_forest__random_undersampling__p010__20260404_143732,random_forest,random_undersampling,0.01,receiver_tx_count_1d,0.03417911438481096
random_forest__random_undersampling__p010__20260404_143732,random_forest,random_undersampling,0.01,receiver_tx_count_7d,0.04059229130636876
random_forest__random_undersampling__p010__20260404_143732,random_forest,random_undersampling,0.01,receiver_tx_count_30d,0.0465611978537277
random_forest__random_undersampling__p010__20260404_143732,random_forest,random_undersampling,0.01,receiver_avg_amount_7d,0.04762024364170765
random_forest__random_undersampling__p010__20260404_143732,random_forest,random_undersampling,0.01,receiver_avg_amount_30d,0.05263847374423662
random_forest__random_undersampling__p010__20260404_143732,random_forest,random_undersampling,0.01,receiver_unique_counterparties_7d,0.022341251966349812
random_forest__random_undersampling__p010__20260404_143732,random_forest,random_undersampling,0.01,receiver_unique_counterparties_30d,0.026785774546771546
random_forest__random_undersampling__p010__20260404_143732,random_forest,random_undersampling,0.01,receiver_cross_bank_ratio_30d,0.03448566492771436
random_forest__random_undersampling__p010__20260404_143732,random_forest,random_undersampling,0.01,receiver_entity_type,0.009857864419841173
random_forest__smote__p001__20260407_081802,random_forest,smote,0.001,amount_paid,0.0568773084305008
random_forest__smote__p001__20260407_081802,random_forest,smote,0.001,amount_received,0.057735414635671785
random_forest__smote__p001__20260407_081802,random_forest,smote,0.001,payment_format,0.032935351288971744
random_forest__smote__p001__20260407_081802,random_forest,smote,0.001,payment_currency,0.020733694495970997
random_forest__smote__p001__20260407_081802,random_forest,smote,0.001,hour,0.038738447845903155
random_forest__smote__p001__20260407_081802,random_forest,smote,0.001,day_of_week,0.03907651378574124
random_forest__smote__p001__20260407_081802,random_forest,smote,0.001,same_bank_flag,0.0015762665632885712
random_forest__smote__p001__20260407_081802,random_forest,smote,0.001,self_transfer_flag,0.0012290711339537194
random_forest__smote__p001__20260407_081802,random_forest,smote,0.001,currency_mismatch,0.00017475210882820168
random_forest__smote__p001__20260407_081802,random_forest,smote,0.001,amount_ratio,0.0
random_forest__smote__p001__20260407_081802,random_forest,smote,0.001,fan_in_score,0.03578973661723709
random_forest__smote__p001__20260407_081802,random_forest,smote,0.001,fan_out_score,0.01900501628297585
random_forest__smote__p001__20260407_081802,random_forest,smote,0.001,sender_tx_count_1d,0.0265102653538481
random_forest__smote__p001__20260407_081802,random_forest,smote,0.001,sender_tx_count_7d,0.033370907725063514
random_forest__smote__p001__20260407_081802,random_forest,smote,0.001,sender_tx_count_30d,0.04198294294758623
random_forest__smote__p001__20260407_081802,random_forest,smote,0.001,sender_avg_amount_7d,0.04663475454540085
random_forest__smote__p001__20260407_081802,random_forest,smote,0.001,sender_avg_amount_30d,0.06426870607129409
random_forest__smote__p001__20260407_081802,random_forest,smote,0.001,sender_unique_counterparties_7d,0.019457030128665242
random_forest__smote__p001__20260407_081802,random_forest,smote,0.001,sender_unique_counterparties_30d,0.022595667567931313
random_forest__smote__p001__20260407_081802,random_forest,smote,0.001,sender_cross_bank_ratio_30d,0.030299603513888784
random_forest__smote__p001__20260407_081802,random_forest,smote,0.001,sender_entity_type,0.0480220977859514
random_forest__smote__p001__20260407_081802,random_forest,smote,0.001,receiver_tx_count_1d,0.033216154184898594
random_forest__smote__p001__20260407_081802,random_forest,smote,0.001,receiver_tx_count_7d,0.0344886465172504
random_forest__smote__p001__20260407_081802,random_forest,smote,0.001,receiver_tx_count_30d,0.04700102527698875
random_forest__smote__p001__20260407_081802,random_forest,smote,0.001,receiver_avg_amount_7d,0.049453018201731966
random_forest__smote__p001__20260407_081802,random_forest,smote,0.001,receiver_avg_amount_30d,0.05507430895894802
random_forest__smote__p001__20260407_081802,random_forest,smote,0.001,receiver_unique_counterparties_7d,0.024614072796568322
random_forest__smote__p001__20260407_081802,random_forest,smote,0.001,receiver_unique_counterparties_30d,0.03529685058427415
random_forest__smote__p001__20260407_081802,random_forest,smote,0.001,receiver_cross_bank_ratio_30d,0.03683870499525622
random_forest__smote__p001__20260407_081802,random_forest,smote,0.001,receiver_entity_type,0.04700366965541086
random_forest__smote__p005__20260407_071352,random_forest,smote,0.005,amount_paid,0.023909613681048558
random_forest__smote__p005__20260407_071352,random_forest,smote,0.005,amount_received,0.024188136003555166
random_forest__smote__p005__20260407_071352,random_forest,smote,0.005,payment_format,0.08551312659709012
random_forest__smote__p005__20260407_071352,random_forest,smote,0.005,payment_currency,0.009642802030141145
random_forest__smote__p005__20260407_071352,random_forest,smote,0.005,hour,0.021637735249364052
random_forest__smote__p005__20260407_071352,random_forest,smote,0.005,day_of_week,0.04481637003337417
random_forest__smote__p005__20260407_071352,random_forest,smote,0.005,same_bank_flag,0.002986706169661018
random_forest__smote__p005__20260407_071352,random_forest,smote,0.005,self_transfer_flag,0.001814416297018039
random_forest__smote__p005__20260407_071352,random_forest,smote,0.005,currency_mismatch,0.0005733046008150923
random_forest__smote__p005__20260407_071352,random_forest,smote,0.005,amount_ratio,1.4555215541000416e-05
random_forest__smote__p005__20260407_071352,random_forest,smote,0.005,fan_in_score,0.018736420841475587
random_forest__smote__p005__20260407_071352,random_forest,smote,0.005,fan_out_score,0.01489737803654768
random_forest__smote__p005__20260407_071352,random_forest,smote,0.005,sender_tx_count_1d,0.03499244258080548
random_forest__smote__p005__20260407_071352,random_forest,smote,0.005,sender_tx_count_7d,0.027285463160979722
random_forest__smote__p005__20260407_071352,random_forest,smote,0.005,sender_tx_count_30d,0.03989300789779702
random_forest__smote__p005__20260407_071352,random_forest,smote,0.005,sender_avg_amount_7d,0.01835782067314799
random_forest__smote__p005__20260407_071352,random_forest,smote,0.005,sender_avg_amount_30d,0.03629075543438757
random_forest__smote__p005__20260407_071352,random_forest,smote,0.005,sender_unique_counterparties_7d,0.019563752961950096
random_forest__smote__p005__20260407_071352,random_forest,smote,0.005,sender_unique_counterparties_30d,0.04120222619379862
random_forest__smote__p005__20260407_071352,random_forest,smote,0.005,sender_cross_bank_ratio_30d,0.03596747985944144
random_forest__smote__p005__20260407_071352,random_forest,smote,0.005,sender_entity_type,0.08836760671173856
random_forest__smote__p005__20260407_071352,random_forest,smote,0.005,receiver_tx_count_1d,0.050913853876302005
random_forest__smote__p005__20260407_071352,random_forest,smote,0.005,receiver_tx_count_7d,0.03147099023904587
random_forest__smote__p005__20260407_071352,random_forest,smote,0.005,receiver_tx_count_30d,0.025347938710060375
random_forest__smote__p005__20260407_071352,random_forest,smote,0.005,receiver_avg_amount_7d,0.021123355531276995
random_forest__smote__p005__20260407_071352,random_forest,smote,0.005,receiver_avg_amount_30d,0.023843344395369052
random_forest__smote__p005__20260407_071352,random_forest,smote,0.005,receiver_unique_counterparties_7d,0.06122324914697457
random_forest__smote__p005__20260407_071352,random_forest,smote,0.005,receiver_unique_counterparties_30d,0.05213386369146196
random_forest__smote__p005__20260407_071352,random_forest,smote,0.005,receiver_cross_bank_ratio_30d,0.025026306526265966
random_forest__smote__p005__20260407_071352,random_forest,smote,0.005,receiver_entity_type,0.11826597765356522
random_forest__smote__p010__20260407_065056,random_forest,smote,0.01,amount_paid,0.021412478962388445
random_forest__smote__p010__20260407_065056,random_forest,smote,0.01,amount_received,0.0212819799156556
random_forest__smote__p010__20260407_065056,random_forest,smote,0.01,payment_format,0.1002527341101484
random_forest__smote__p010__20260407_065056,random_forest,smote,0.01,payment_currency,0.007101475667329514
random_forest__smote__p010__20260407_065056,random_forest,smote,0.01,hour,0.017551163994440625
random_forest__smote__p010__20260407_065056,random_forest,smote,0.01,day_of_week,0.046952617138158625
random_forest__smote__p010__20260407_065056,random_forest,smote,0.01,same_bank_flag,0.0061973882675527316
random_forest__smote__p010__20260407_065056,random_forest,smote,0.01,self_transfer_flag,0.00257010716950443
random_forest__smote__p010__20260407_065056,random_forest,smote,0.01,currency_mismatch,0.0006794961235718151
random_forest__smote__p010__20260407_065056,random_forest,smote,0.01,amount_ratio,3.4283854156329024e-05
random_forest__smote__p010__20260407_065056,random_forest,smote,0.01,fan_in_score,0.017806256752003636
random_forest__smote__p010__20260407_065056,random_forest,smote,0.01,fan_out_score,0.014941445086947796
random_forest__smote__p010__20260407_065056,random_forest,smote,0.01,sender_tx_count_1d,0.032914201255372345
random_forest__smote__p010__20260407_065056,random_forest,smote,0.01,sender_tx_count_7d,0.02723728594381544
random_forest__smote__p010__20260407_065056,random_forest,smote,0.01,sender_tx_count_30d,0.043228883047056695
random_forest__smote__p010__20260407_065056,random_forest,smote,0.01,sender_avg_amount_7d,0.014519408602865014
random_forest__smote__p010__20260407_065056,random_forest,smote,0.01,sender_avg_amount_30d,0.03277934026722423
random_forest__smote__p010__20260407_065056,random_forest,smote,0.01,sender_unique_counterparties_7d,0.024128875284597465
random_forest__smote__p010__20260407_065056,random_forest,smote,0.01,sender_unique_counterparties_30d,0.03682766955363565
random_forest__smote__p010__20260407_065056,random_forest,smote,0.01,sender_cross_bank_ratio_30d,0.037419688775914665
random_forest__smote__p010__20260407_065056,random_forest,smote,0.01,sender_entity_type,0.08634415066442919
random_forest__smote__p010__20260407_065056,random_forest,smote,0.01,receiver_tx_count_1d,0.053366507436963646
random_forest__smote__p010__20260407_065056,random_forest,smote,0.01,receiver_tx_count_7d,0.031520273968297624
random_forest__smote__p010__20260407_065056,random_forest,smote,0.01,receiver_tx_count_30d,0.024882995982325382
random_forest__smote__p010__20260407_065056,random_forest,smote,0.01,receiver_avg_amount_7d,0.016857682150076884
random_forest__smote__p010__20260407_065056,random_forest,smote,0.01,receiver_avg_amount_30d,0.018783196819765403
random_forest__smote__p010__20260407_065056,random_forest,smote,0.01,receiver_unique_counterparties_7d,0.06308357456617121
random_forest__smote__p010__20260407_065056,random_forest,smote,0.01,receiver_unique_counterparties_30d,0.05711024095116263
random_forest__smote__p010__20260407_065056,random_forest,smote,0.01,receiver_cross_bank_ratio_30d,0.023822138141079332
random_forest__smote__p010__20260407_065056,random_forest,smote,0.01,receiver_entity_type,0.11839245954738925
xgboost__adasyn__p001__20260407_131823,xgboost,adasyn,0.001,amount_paid,0.0025534662418067455
xgboost__adasyn__p001__20260407_131823,xgboost,adasyn,0.001,amount_received,0.0057769762352108955
xgboost__adasyn__p001__20260407_131823,xgboost,adasyn,0.001,payment_format,0.049831636250019073
xgboost__adasyn__p001__20260407_131823,xgboost,adasyn,0.001,payment_currency,0.001860855263657868
xgboost__adasyn__p001__20260407_131823,xgboost,adasyn,0.001,hour,0.0016376106068491936
xgboost__adasyn__p001__20260407_131823,xgboost,adasyn,0.001,day_of_week,0.0035287081263959408
xgboost__adasyn__p001__20260407_131823,xgboost,adasyn,0.001,same_bank_flag,0.009190326556563377
xgboost__adasyn__p001__20260407_131823,xgboost,adasyn,0.001,self_transfer_flag,0.029756125062704086
xgboost__adasyn__p001__20260407_131823,xgboost,adasyn,0.001,currency_mismatch,0.007619231939315796
xgboost__adasyn__p001__20260407_131823,xgboost,adasyn,0.001,amount_ratio,0.0003222922678105533
xgboost__adasyn__p001__20260407_131823,xgboost,adasyn,0.001,fan_in_score,0.005268797278404236
xgboost__adasyn__p001__20260407_131823,xgboost,adasyn,0.001,fan_out_score,0.008211100473999977
xgboost__adasyn__p001__20260407_131823,xgboost,adasyn,0.001,sender_tx_count_1d,0.006852790247648954
xgboost__adasyn__p001__20260407_131823,xgboost,adasyn,0.001,sender_tx_count_7d,0.019674496725201607
xgboost__adasyn__p001__20260407_131823,xgboost,adasyn,0.001,sender_tx_count_30d,0.006079831160604954
xgboost__adasyn__p001__20260407_131823,xgboost,adasyn,0.001,sender_avg_amount_7d,0.0022025792859494686
xgboost__adasyn__p001__20260407_131823,xgboost,adasyn,0.001,sender_avg_amount_30d,0.003524218453094363
xgboost__adasyn__p001__20260407_131823,xgboost,adasyn,0.001,sender_unique_counterparties_7d,0.009984244592487812
xgboost__adasyn__p001__20260407_131823,xgboost,adasyn,0.001,sender_unique_counterparties_30d,0.03123987838625908
xgboost__adasyn__p001__20260407_131823,xgboost,adasyn,0.001,sender_cross_bank_ratio_30d,0.006945441011339426
xgboost__adasyn__p001__20260407_131823,xgboost,adasyn,0.001,sender_entity_type,0.01301383227109909
xgboost__adasyn__p001__20260407_131823,xgboost,adasyn,0.001,receiver_tx_count_1d,0.012146132998168468
xgboost__adasyn__p001__20260407_131823,xgboost,adasyn,0.001,receiver_tx_count_7d,0.01209297962486744
xgboost__adasyn__p001__20260407_131823,xgboost,adasyn,0.001,receiver_tx_count_30d,0.024928634986281395
xgboost__adasyn__p001__20260407_131823,xgboost,adasyn,0.001,receiver_avg_amount_7d,0.0014625919284299016
xgboost__adasyn__p001__20260407_131823,xgboost,adasyn,0.001,receiver_avg_amount_30d,0.00420768978074193
xgboost__adasyn__p001__20260407_131823,xgboost,adasyn,0.001,receiver_unique_counterparties_7d,0.009674236178398132
xgboost__adasyn__p001__20260407_131823,xgboost,adasyn,0.001,receiver_unique_counterparties_30d,0.041996944695711136
xgboost__adasyn__p001__20260407_131823,xgboost,adasyn,0.001,receiver_cross_bank_ratio_30d,0.04694890230894089
xgboost__adasyn__p001__20260407_131823,xgboost,adasyn,0.001,receiver_entity_type,0.6214675307273865
xgboost__adasyn__p005__20260407_131054,xgboost,adasyn,0.005,amount_paid,0.0038310205563902855
xgboost__adasyn__p005__20260407_131054,xgboost,adasyn,0.005,amount_received,0.011550817638635635
xgboost__adasyn__p005__20260407_131054,xgboost,adasyn,0.005,payment_format,0.13125474750995636
xgboost__adasyn__p005__20260407_131054,xgboost,adasyn,0.005,payment_currency,0.010971497744321823
xgboost__adasyn__p005__20260407_131054,xgboost,adasyn,0.005,hour,0.015270790085196495
xgboost__adasyn__p005__20260407_131054,xgboost,adasyn,0.005,day_of_week,0.009386125020682812
xgboost__adasyn__p005__20260407_131054,xgboost,adasyn,0.005,same_bank_flag,0.04158196970820427
xgboost__adasyn__p005__20260407_131054,xgboost,adasyn,0.005,self_transfer_flag,0.01149391196668148
xgboost__adasyn__p005__20260407_131054,xgboost,adasyn,0.005,currency_mismatch,0.006301663350313902
xgboost__adasyn__p005__20260407_131054,xgboost,adasyn,0.005,amount_ratio,0.0001453567820135504
xgboost__adasyn__p005__20260407_131054,xgboost,adasyn,0.005,fan_in_score,0.010266846977174282
xgboost__adasyn__p005__20260407_131054,xgboost,adasyn,0.005,fan_out_score,0.0077363476157188416
xgboost__adasyn__p005__20260407_131054,xgboost,adasyn,0.005,sender_tx_count_1d,0.013897045515477657
xgboost__adasyn__p005__20260407_131054,xgboost,adasyn,0.005,sender_tx_count_7d,0.02608787827193737
xgboost__adasyn__p005__20260407_131054,xgboost,adasyn,0.005,sender_tx_count_30d,0.014570863917469978
xgboost__adasyn__p005__20260407_131054,xgboost,adasyn,0.005,sender_avg_amount_7d,0.006571501959115267
xgboost__adasyn__p005__20260407_131054,xgboost,adasyn,0.005,sender_avg_amount_30d,0.0038487978745251894
xgboost__adasyn__p005__20260407_131054,xgboost,adasyn,0.005,sender_unique_counterparties_7d,0.016436731442809105
xgboost__adasyn__p005__20260407_131054,xgboost,adasyn,0.005,sender_unique_counterparties_30d,0.06582298874855042
xgboost__adasyn__p005__20260407_131054,xgboost,adasyn,0.005,sender_cross_bank_ratio_30d,0.03194001317024231
xgboost__adasyn__p005__20260407_131054,xgboost,adasyn,0.005,sender_entity_type,0.25191864371299744
xgboost__adasyn__p005__20260407_131054,xgboost,adasyn,0.005,receiver_tx_count_1d,0.04114966839551926
xgboost__adasyn__p005__20260407_131054,xgboost,adasyn,0.005,receiver_tx_count_7d,0.024842392653226852
xgboost__adasyn__p005__20260407_131054,xgboost,adasyn,0.005,receiver_tx_count_30d,0.007132329512387514
xgboost__adasyn__p005__20260407_131054,xgboost,adasyn,0.005,receiver_avg_amount_7d,0.0059380740858614445
xgboost__adasyn__p005__20260407_131054,xgboost,adasyn,0.005,receiver_avg_amount_30d,0.004393388517200947
xgboost__adasyn__p005__20260407_131054,xgboost,adasyn,0.005,receiver_unique_counterparties_7d,0.01139933243393898
xgboost__adasyn__p005__20260407_131054,xgboost,adasyn,0.005,receiver_unique_counterparties_30d,0.018448347225785255
xgboost__adasyn__p005__20260407_131054,xgboost,adasyn,0.005,receiver_cross_bank_ratio_30d,0.10107595473527908
xgboost__adasyn__p005__20260407_131054,xgboost,adasyn,0.005,receiver_entity_type,0.09473492950201035
xgboost__adasyn__p010__20260407_130303,xgboost,adasyn,0.01,amount_paid,0.0038310205563902855
xgboost__adasyn__p010__20260407_130303,xgboost,adasyn,0.01,amount_received,0.011550817638635635
xgboost__adasyn__p010__20260407_130303,xgboost,adasyn,0.01,payment_format,0.13125474750995636
xgboost__adasyn__p010__20260407_130303,xgboost,adasyn,0.01,payment_currency,0.010971497744321823
xgboost__adasyn__p010__20260407_130303,xgboost,adasyn,0.01,hour,0.015270790085196495
xgboost__adasyn__p010__20260407_130303,xgboost,adasyn,0.01,day_of_week,0.009386125020682812
xgboost__adasyn__p010__20260407_130303,xgboost,adasyn,0.01,same_bank_flag,0.04158196970820427
xgboost__adasyn__p010__20260407_130303,xgboost,adasyn,0.01,self_transfer_flag,0.01149391196668148
xgboost__adasyn__p010__20260407_130303,xgboost,adasyn,0.01,currency_mismatch,0.006301663350313902
xgboost__adasyn__p010__20260407_130303,xgboost,adasyn,0.01,amount_ratio,0.0001453567820135504
xgboost__adasyn__p010__20260407_130303,xgboost,adasyn,0.01,fan_in_score,0.010266846977174282
xgboost__adasyn__p010__20260407_130303,xgboost,adasyn,0.01,fan_out_score,0.0077363476157188416
xgboost__adasyn__p010__20260407_130303,xgboost,adasyn,0.01,sender_tx_count_1d,0.013897045515477657
xgboost__adasyn__p010__20260407_130303,xgboost,adasyn,0.01,sender_tx_count_7d,0.02608787827193737
xgboost__adasyn__p010__20260407_130303,xgboost,adasyn,0.01,sender_tx_count_30d,0.014570863917469978
xgboost__adasyn__p010__20260407_130303,xgboost,adasyn,0.01,sender_avg_amount_7d,0.006571501959115267
xgboost__adasyn__p010__20260407_130303,xgboost,adasyn,0.01,sender_avg_amount_30d,0.0038487978745251894
xgboost__adasyn__p010__20260407_130303,xgboost,adasyn,0.01,sender_unique_counterparties_7d,0.016436731442809105
xgboost__adasyn__p010__20260407_130303,xgboost,adasyn,0.01,sender_unique_counterparties_30d,0.06582298874855042
xgboost__adasyn__p010__20260407_130303,xgboost,adasyn,0.01,sender_cross_bank_ratio_30d,0.03194001317024231
xgboost__adasyn__p010__20260407_130303,xgboost,adasyn,0.01,sender_entity_type,0.25191864371299744
xgboost__adasyn__p010__20260407_130303,xgboost,adasyn,0.01,receiver_tx_count_1d,0.04114966839551926
xgboost__adasyn__p010__20260407_130303,xgboost,adasyn,0.01,receiver_tx_count_7d,0.024842392653226852
xgboost__adasyn__p010__20260407_130303,xgboost,adasyn,0.01,receiver_tx_count_30d,0.007132329512387514
xgboost__adasyn__p010__20260407_130303,xgboost,adasyn,0.01,receiver_avg_amount_7d,0.0059380740858614445
xgboost__adasyn__p010__20260407_130303,xgboost,adasyn,0.01,receiver_avg_amount_30d,0.004393388517200947
xgboost__adasyn__p010__20260407_130303,xgboost,adasyn,0.01,receiver_unique_counterparties_7d,0.01139933243393898
xgboost__adasyn__p010__20260407_130303,xgboost,adasyn,0.01,receiver_unique_counterparties_30d,0.018448347225785255
xgboost__adasyn__p010__20260407_130303,xgboost,adasyn,0.01,receiver_cross_bank_ratio_30d,0.10107595473527908
xgboost__adasyn__p010__20260407_130303,xgboost,adasyn,0.01,receiver_entity_type,0.09473492950201035
xgboost__baseline__p001__20260404_143052,xgboost,baseline,0.001,amount_paid,0.007729834411293268
xgboost__baseline__p001__20260404_143052,xgboost,baseline,0.001,amount_received,0.011638742871582508
xgboost__baseline__p001__20260404_143052,xgboost,baseline,0.001,payment_format,0.17551082372665405
xgboost__baseline__p001__20260404_143052,xgboost,baseline,0.001,payment_currency,0.004085443913936615
xgboost__baseline__p001__20260404_143052,xgboost,baseline,0.001,hour,0.008010354824364185
xgboost__baseline__p001__20260404_143052,xgboost,baseline,0.001,day_of_week,0.021358106285333633
xgboost__baseline__p001__20260404_143052,xgboost,baseline,0.001,same_bank_flag,0.05792346969246864
xgboost__baseline__p001__20260404_143052,xgboost,baseline,0.001,self_transfer_flag,0.14196045696735382
xgboost__baseline__p001__20260404_143052,xgboost,baseline,0.001,currency_mismatch,0.029072921723127365
xgboost__baseline__p001__20260404_143052,xgboost,baseline,0.001,amount_ratio,0.0019489933038130403
xgboost__baseline__p001__20260404_143052,xgboost,baseline,0.001,fan_in_score,0.02518981508910656
xgboost__baseline__p001__20260404_143052,xgboost,baseline,0.001,fan_out_score,0.011770607903599739
xgboost__baseline__p001__20260404_143052,xgboost,baseline,0.001,sender_tx_count_1d,0.015333849005401134
xgboost__baseline__p001__20260404_143052,xgboost,baseline,0.001,sender_tx_count_7d,0.08744080364704132
xgboost__baseline__p001__20260404_143052,xgboost,baseline,0.001,sender_tx_count_30d,0.0173964723944664
xgboost__baseline__p001__20260404_143052,xgboost,baseline,0.001,sender_avg_amount_7d,0.008406445384025574
xgboost__baseline__p001__20260404_143052,xgboost,baseline,0.001,sender_avg_amount_30d,0.014539704658091068
xgboost__baseline__p001__20260404_143052,xgboost,baseline,0.001,sender_unique_counterparties_7d,0.09469613432884216
xgboost__baseline__p001__20260404_143052,xgboost,baseline,0.001,sender_unique_counterparties_30d,0.06747926771640778
xgboost__baseline__p001__20260404_143052,xgboost,baseline,0.001,sender_cross_bank_ratio_30d,0.040231283754110336
xgboost__baseline__p001__20260404_143052,xgboost,baseline,0.001,sender_entity_type,0.01946692354977131
xgboost__baseline__p001__20260404_143052,xgboost,baseline,0.001,receiver_tx_count_1d,0.03748040646314621
xgboost__baseline__p001__20260404_143052,xgboost,baseline,0.001,receiver_tx_count_7d,0.05667874589562416
xgboost__baseline__p001__20260404_143052,xgboost,baseline,0.001,receiver_tx_count_30d,0.014184031635522842
xgboost__baseline__p001__20260404_143052,xgboost,baseline,0.001,receiver_avg_amount_7d,0.0035765680950134993
xgboost__baseline__p001__20260404_143052,xgboost,baseline,0.001,receiver_avg_amount_30d,0.00930088572204113
xgboost__baseline__p001__20260404_143052,xgboost,baseline,0.001,receiver_unique_counterparties_7d,0.006077570840716362
xgboost__baseline__p001__20260404_143052,xgboost,baseline,0.001,receiver_unique_counterparties_30d,0.00850189384073019
xgboost__baseline__p001__20260404_143052,xgboost,baseline,0.001,receiver_cross_bank_ratio_30d,0.0016590214800089598
xgboost__baseline__p001__20260404_143052,xgboost,baseline,0.001,receiver_entity_type,0.0013505505630746484
xgboost__baseline__p005__20260404_142413,xgboost,baseline,0.005,amount_paid,0.007729834411293268
xgboost__baseline__p005__20260404_142413,xgboost,baseline,0.005,amount_received,0.011638742871582508
xgboost__baseline__p005__20260404_142413,xgboost,baseline,0.005,payment_format,0.17551082372665405
xgboost__baseline__p005__20260404_142413,xgboost,baseline,0.005,payment_currency,0.004085443913936615
xgboost__baseline__p005__20260404_142413,xgboost,baseline,0.005,hour,0.008010354824364185
xgboost__baseline__p005__20260404_142413,xgboost,baseline,0.005,day_of_week,0.021358106285333633
xgboost__baseline__p005__20260404_142413,xgboost,baseline,0.005,same_bank_flag,0.05792346969246864
xgboost__baseline__p005__20260404_142413,xgboost,baseline,0.005,self_transfer_flag,0.14196045696735382
xgboost__baseline__p005__20260404_142413,xgboost,baseline,0.005,currency_mismatch,0.029072921723127365
xgboost__baseline__p005__20260404_142413,xgboost,baseline,0.005,amount_ratio,0.0019489933038130403
xgboost__baseline__p005__20260404_142413,xgboost,baseline,0.005,fan_in_score,0.02518981508910656
xgboost__baseline__p005__20260404_142413,xgboost,baseline,0.005,fan_out_score,0.011770607903599739
xgboost__baseline__p005__20260404_142413,xgboost,baseline,0.005,sender_tx_count_1d,0.015333849005401134
xgboost__baseline__p005__20260404_142413,xgboost,baseline,0.005,sender_tx_count_7d,0.08744080364704132
xgboost__baseline__p005__20260404_142413,xgboost,baseline,0.005,sender_tx_count_30d,0.0173964723944664
xgboost__baseline__p005__20260404_142413,xgboost,baseline,0.005,sender_avg_amount_7d,0.008406445384025574
xgboost__baseline__p005__20260404_142413,xgboost,baseline,0.005,sender_avg_amount_30d,0.014539704658091068
xgboost__baseline__p005__20260404_142413,xgboost,baseline,0.005,sender_unique_counterparties_7d,0.09469613432884216
xgboost__baseline__p005__20260404_142413,xgboost,baseline,0.005,sender_unique_counterparties_30d,0.06747926771640778
xgboost__baseline__p005__20260404_142413,xgboost,baseline,0.005,sender_cross_bank_ratio_30d,0.040231283754110336
xgboost__baseline__p005__20260404_142413,xgboost,baseline,0.005,sender_entity_type,0.01946692354977131
xgboost__baseline__p005__20260404_142413,xgboost,baseline,0.005,receiver_tx_count_1d,0.03748040646314621
xgboost__baseline__p005__20260404_142413,xgboost,baseline,0.005,receiver_tx_count_7d,0.05667874589562416
xgboost__baseline__p005__20260404_142413,xgboost,baseline,0.005,receiver_tx_count_30d,0.014184031635522842
xgboost__baseline__p005__20260404_142413,xgboost,baseline,0.005,receiver_avg_amount_7d,0.0035765680950134993
xgboost__baseline__p005__20260404_142413,xgboost,baseline,0.005,receiver_avg_amount_30d,0.00930088572204113
xgboost__baseline__p005__20260404_142413,xgboost,baseline,0.005,receiver_unique_counterparties_7d,0.006077570840716362
xgboost__baseline__p005__20260404_142413,xgboost,baseline,0.005,receiver_unique_counterparties_30d,0.00850189384073019
xgboost__baseline__p005__20260404_142413,xgboost,baseline,0.005,receiver_cross_bank_ratio_30d,0.0016590214800089598
xgboost__baseline__p005__20260404_142413,xgboost,baseline,0.005,receiver_entity_type,0.0013505505630746484
xgboost__baseline__p010__20260404_141733,xgboost,baseline,0.01,amount_paid,0.007729834411293268
xgboost__baseline__p010__20260404_141733,xgboost,baseline,0.01,amount_received,0.011638742871582508
xgboost__baseline__p010__20260404_141733,xgboost,baseline,0.01,payment_format,0.17551082372665405
xgboost__baseline__p010__20260404_141733,xgboost,baseline,0.01,payment_currency,0.004085443913936615
xgboost__baseline__p010__20260404_141733,xgboost,baseline,0.01,hour,0.008010354824364185
xgboost__baseline__p010__20260404_141733,xgboost,baseline,0.01,day_of_week,0.021358106285333633
xgboost__baseline__p010__20260404_141733,xgboost,baseline,0.01,same_bank_flag,0.05792346969246864
xgboost__baseline__p010__20260404_141733,xgboost,baseline,0.01,self_transfer_flag,0.14196045696735382
xgboost__baseline__p010__20260404_141733,xgboost,baseline,0.01,currency_mismatch,0.029072921723127365
xgboost__baseline__p010__20260404_141733,xgboost,baseline,0.01,amount_ratio,0.0019489933038130403
xgboost__baseline__p010__20260404_141733,xgboost,baseline,0.01,fan_in_score,0.02518981508910656
xgboost__baseline__p010__20260404_141733,xgboost,baseline,0.01,fan_out_score,0.011770607903599739
xgboost__baseline__p010__20260404_141733,xgboost,baseline,0.01,sender_tx_count_1d,0.015333849005401134
xgboost__baseline__p010__20260404_141733,xgboost,baseline,0.01,sender_tx_count_7d,0.08744080364704132
xgboost__baseline__p010__20260404_141733,xgboost,baseline,0.01,sender_tx_count_30d,0.0173964723944664
xgboost__baseline__p010__20260404_141733,xgboost,baseline,0.01,sender_avg_amount_7d,0.008406445384025574
xgboost__baseline__p010__20260404_141733,xgboost,baseline,0.01,sender_avg_amount_30d,0.014539704658091068
xgboost__baseline__p010__20260404_141733,xgboost,baseline,0.01,sender_unique_counterparties_7d,0.09469613432884216
xgboost__baseline__p010__20260404_141733,xgboost,baseline,0.01,sender_unique_counterparties_30d,0.06747926771640778
xgboost__baseline__p010__20260404_141733,xgboost,baseline,0.01,sender_cross_bank_ratio_30d,0.040231283754110336
xgboost__baseline__p010__20260404_141733,xgboost,baseline,0.01,sender_entity_type,0.01946692354977131
xgboost__baseline__p010__20260404_141733,xgboost,baseline,0.01,receiver_tx_count_1d,0.03748040646314621
xgboost__baseline__p010__20260404_141733,xgboost,baseline,0.01,receiver_tx_count_7d,0.05667874589562416
xgboost__baseline__p010__20260404_141733,xgboost,baseline,0.01,receiver_tx_count_30d,0.014184031635522842
xgboost__baseline__p010__20260404_141733,xgboost,baseline,0.01,receiver_avg_amount_7d,0.0035765680950134993
xgboost__baseline__p010__20260404_141733,xgboost,baseline,0.01,receiver_avg_amount_30d,0.00930088572204113
xgboost__baseline__p010__20260404_141733,xgboost,baseline,0.01,receiver_unique_counterparties_7d,0.006077570840716362
xgboost__baseline__p010__20260404_141733,xgboost,baseline,0.01,receiver_unique_counterparties_30d,0.00850189384073019
xgboost__baseline__p010__20260404_141733,xgboost,baseline,0.01,receiver_cross_bank_ratio_30d,0.0016590214800089598
xgboost__baseline__p010__20260404_141733,xgboost,baseline,0.01,receiver_entity_type,0.0013505505630746484
xgboost__class_weighting__p001__20260407_160620,xgboost,class_weighting,0.001,amount_paid,0.007903467863798141
xgboost__class_weighting__p001__20260407_160620,xgboost,class_weighting,0.001,amount_received,0.011879218742251396
xgboost__class_weighting__p001__20260407_160620,xgboost,class_weighting,0.001,payment_format,0.25107401609420776
xgboost__class_weighting__p001__20260407_160620,xgboost,class_weighting,0.001,payment_currency,0.003325873985886574
xgboost__class_weighting__p001__20260407_160620,xgboost,class_weighting,0.001,hour,0.003766395151615143
xgboost__class_weighting__p001__20260407_160620,xgboost,class_weighting,0.001,day_of_week,0.009539688937366009
xgboost__class_weighting__p001__20260407_160620,xgboost,class_weighting,0.001,same_bank_flag,0.03305031359195709
xgboost__class_weighting__p001__20260407_160620,xgboost,class_weighting,0.001,self_transfer_flag,0.04478225111961365
xgboost__class_weighting__p001__20260407_160620,xgboost,class_weighting,0.001,currency_mismatch,0.0257380660623312
xgboost__class_weighting__p001__20260407_160620,xgboost,class_weighting,0.001,amount_ratio,0.0002461547846905887
xgboost__class_weighting__p001__20260407_160620,xgboost,class_weighting,0.001,fan_in_score,0.053815003484487534
xgboost__class_weighting__p001__20260407_160620,xgboost,class_weighting,0.001,fan_out_score,0.007100454531610012
xgboost__class_weighting__p001__20260407_160620,xgboost,class_weighting,0.001,sender_tx_count_1d,0.011484107933938503
xgboost__class_weighting__p001__20260407_160620,xgboost,class_weighting,0.001,sender_tx_count_7d,0.06982087343931198
xgboost__class_weighting__p001__20260407_160620,xgboost,class_weighting,0.001,sender_tx_count_30d,0.01665547676384449
xgboost__class_weighting__p001__20260407_160620,xgboost,class_weighting,0.001,sender_avg_amount_7d,0.0045149559155106544
xgboost__class_weighting__p001__20260407_160620,xgboost,class_weighting,0.001,sender_avg_amount_30d,0.011315706185996532
xgboost__class_weighting__p001__20260407_160620,xgboost,class_weighting,0.001,sender_unique_counterparties_7d,0.18204699456691742
xgboost__class_weighting__p001__20260407_160620,xgboost,class_weighting,0.001,sender_unique_counterparties_30d,0.14358271658420563
xgboost__class_weighting__p001__20260407_160620,xgboost,class_weighting,0.001,sender_cross_bank_ratio_30d,0.014160959981381893
xgboost__class_weighting__p001__20260407_160620,xgboost,class_weighting,0.001,sender_entity_type,0.01346589345484972
xgboost__class_weighting__p001__20260407_160620,xgboost,class_weighting,0.001,receiver_tx_count_1d,0.0072020902298390865
xgboost__class_weighting__p001__20260407_160620,xgboost,class_weighting,0.001,receiver_tx_count_7d,0.03915952146053314
xgboost__class_weighting__p001__20260407_160620,xgboost,class_weighting,0.001,receiver_tx_count_30d,0.004092959687113762
xgboost__class_weighting__p001__20260407_160620,xgboost,class_weighting,0.001,receiver_avg_amount_7d,0.004804044030606747
xgboost__class_weighting__p001__20260407_160620,xgboost,class_weighting,0.001,receiver_avg_amount_30d,0.010226702317595482
xgboost__class_weighting__p001__20260407_160620,xgboost,class_weighting,0.001,receiver_unique_counterparties_7d,0.0081138014793396
xgboost__class_weighting__p001__20260407_160620,xgboost,class_weighting,0.001,receiver_unique_counterparties_30d,0.004385313950479031
xgboost__class_weighting__p001__20260407_160620,xgboost,class_weighting,0.001,receiver_cross_bank_ratio_30d,0.0020183343440294266
xgboost__class_weighting__p001__20260407_160620,xgboost,class_weighting,0.001,receiver_entity_type,0.0007286956533789635
xgboost__class_weighting__p005__20260407_155941,xgboost,class_weighting,0.005,amount_paid,0.006469212472438812
xgboost__class_weighting__p005__20260407_155941,xgboost,class_weighting,0.005,amount_received,0.014633359387516975
xgboost__class_weighting__p005__20260407_155941,xgboost,class_weighting,0.005,payment_format,0.23930023610591888
xgboost__class_weighting__p005__20260407_155941,xgboost,class_weighting,0.005,payment_currency,0.0028471527621150017
xgboost__class_weighting__p005__20260407_155941,xgboost,class_weighting,0.005,hour,0.006324652582406998
xgboost__class_weighting__p005__20260407_155941,xgboost,class_weighting,0.005,day_of_week,0.011392978020012379
xgboost__class_weighting__p005__20260407_155941,xgboost,class_weighting,0.005,same_bank_flag,0.05064493790268898
xgboost__class_weighting__p005__20260407_155941,xgboost,class_weighting,0.005,self_transfer_flag,0.06366987526416779
xgboost__class_weighting__p005__20260407_155941,xgboost,class_weighting,0.005,currency_mismatch,0.027910012751817703
xgboost__class_weighting__p005__20260407_155941,xgboost,class_weighting,0.005,amount_ratio,0.0008116595563478768
xgboost__class_weighting__p005__20260407_155941,xgboost,class_weighting,0.005,fan_in_score,0.038427047431468964
xgboost__class_weighting__p005__20260407_155941,xgboost,class_weighting,0.005,fan_out_score,0.016304412856698036
xgboost__class_weighting__p005__20260407_155941,xgboost,class_weighting,0.005,sender_tx_count_1d,0.019818773493170738
xgboost__class_weighting__p005__20260407_155941,xgboost,class_weighting,0.005,sender_tx_count_7d,0.07656685262918472
xgboost__class_weighting__p005__20260407_155941,xgboost,class_weighting,0.005,sender_tx_count_30d,0.01811227947473526
xgboost__class_weighting__p005__20260407_155941,xgboost,class_weighting,0.005,sender_avg_amount_7d,0.00519789382815361
xgboost__class_weighting__p005__20260407_155941,xgboost,class_weighting,0.005,sender_avg_amount_30d,0.013595282100141048
xgboost__class_weighting__p005__20260407_155941,xgboost,class_weighting,0.005,sender_unique_counterparties_7d,0.13901296257972717
xgboost__class_weighting__p005__20260407_155941,xgboost,class_weighting,0.005,sender_unique_counterparties_30d,0.10553202778100967
xgboost__class_weighting__p005__20260407_155941,xgboost,class_weighting,0.005,sender_cross_bank_ratio_30d,0.020206991583108902
xgboost__class_weighting__p005__20260407_155941,xgboost,class_weighting,0.005,sender_entity_type,0.020685842260718346
xgboost__class_weighting__p005__20260407_155941,xgboost,class_weighting,0.005,receiver_tx_count_1d,0.015240196138620377
xgboost__class_weighting__p005__20260407_155941,xgboost,class_weighting,0.005,receiver_tx_count_7d,0.05020041763782501
xgboost__class_weighting__p005__20260407_155941,xgboost,class_weighting,0.005,receiver_tx_count_30d,0.0054982490837574005
xgboost__class_weighting__p005__20260407_155941,xgboost,class_weighting,0.005,receiver_avg_amount_7d,0.004411701112985611
xgboost__class_weighting__p005__20260407_155941,xgboost,class_weighting,0.005,receiver_avg_amount_30d,0.009916082955896854
xgboost__class_weighting__p005__20260407_155941,xgboost,class_weighting,0.005,receiver_unique_counterparties_7d,0.010020434856414795
xgboost__class_weighting__p005__20260407_155941,xgboost,class_weighting,0.005,receiver_unique_counterparties_30d,0.004916120320558548
xgboost__class_weighting__p005__20260407_155941,xgboost,class_weighting,0.005,receiver_cross_bank_ratio_30d,0.0016940692439675331
xgboost__class_weighting__p005__20260407_155941,xgboost,class_weighting,0.005,receiver_entity_type,0.0006383474101312459
xgboost__class_weighting__p010__20260407_155304,xgboost,class_weighting,0.01,amount_paid,0.008215663023293018
xgboost__class_weighting__p010__20260407_155304,xgboost,class_weighting,0.01,amount_received,0.014027626253664494
xgboost__class_weighting__p010__20260407_155304,xgboost,class_weighting,0.01,payment_format,0.21298418939113617
xgboost__class_weighting__p010__20260407_155304,xgboost,class_weighting,0.01,payment_currency,0.0029702535830438137
xgboost__class_weighting__p010__20260407_155304,xgboost,class_weighting,0.01,hour,0.007997972890734673
xgboost__class_weighting__p010__20260407_155304,xgboost,class_weighting,0.01,day_of_week,0.012942506931722164
xgboost__class_weighting__p010__20260407_155304,xgboost,class_weighting,0.01,same_bank_flag,0.04872071370482445
xgboost__class_weighting__p010__20260407_155304,xgboost,class_weighting,0.01,self_transfer_flag,0.05949242413043976
xgboost__class_weighting__p010__20260407_155304,xgboost,class_weighting,0.01,currency_mismatch,0.030668528750538826
xgboost__class_weighting__p010__20260407_155304,xgboost,class_weighting,0.01,amount_ratio,0.0015460067661479115
xgboost__class_weighting__p010__20260407_155304,xgboost,class_weighting,0.01,fan_in_score,0.035182662308216095
xgboost__class_weighting__p010__20260407_155304,xgboost,class_weighting,0.01,fan_out_score,0.01661902852356434
xgboost__class_weighting__p010__20260407_155304,xgboost,class_weighting,0.01,sender_tx_count_1d,0.022120120003819466
xgboost__class_weighting__p010__20260407_155304,xgboost,class_weighting,0.01,sender_tx_count_7d,0.08257827907800674
xgboost__class_weighting__p010__20260407_155304,xgboost,class_weighting,0.01,sender_tx_count_30d,0.021470552310347557
xgboost__class_weighting__p010__20260407_155304,xgboost,class_weighting,0.01,sender_avg_amount_7d,0.005394365638494492
xgboost__class_weighting__p010__20260407_155304,xgboost,class_weighting,0.01,sender_avg_amount_30d,0.013826973736286163
xgboost__class_weighting__p010__20260407_155304,xgboost,class_weighting,0.01,sender_unique_counterparties_7d,0.11432856321334839
xgboost__class_weighting__p010__20260407_155304,xgboost,class_weighting,0.01,sender_unique_counterparties_30d,0.12180796265602112
xgboost__class_weighting__p010__20260407_155304,xgboost,class_weighting,0.01,sender_cross_bank_ratio_30d,0.02384282648563385
xgboost__class_weighting__p010__20260407_155304,xgboost,class_weighting,0.01,sender_entity_type,0.026187313720583916
xgboost__class_weighting__p010__20260407_155304,xgboost,class_weighting,0.01,receiver_tx_count_1d,0.018368389457464218
xgboost__class_weighting__p010__20260407_155304,xgboost,class_weighting,0.01,receiver_tx_count_7d,0.05541471019387245
xgboost__class_weighting__p010__20260407_155304,xgboost,class_weighting,0.01,receiver_tx_count_30d,0.0066286614164710045
xgboost__class_weighting__p010__20260407_155304,xgboost,class_weighting,0.01,receiver_avg_amount_7d,0.004267267417162657
xgboost__class_weighting__p010__20260407_155304,xgboost,class_weighting,0.01,receiver_avg_amount_30d,0.011037851683795452
xgboost__class_weighting__p010__20260407_155304,xgboost,class_weighting,0.01,receiver_unique_counterparties_7d,0.013644814491271973
xgboost__class_weighting__p010__20260407_155304,xgboost,class_weighting,0.01,receiver_unique_counterparties_30d,0.004897205159068108
xgboost__class_weighting__p010__20260407_155304,xgboost,class_weighting,0.01,receiver_cross_bank_ratio_30d,0.0018983270274475217
xgboost__class_weighting__p010__20260407_155304,xgboost,class_weighting,0.01,receiver_entity_type,0.0009183153160847723
xgboost__random_undersampling__p001__20260404_151842,xgboost,random_undersampling,0.001,amount_paid,0.007174557074904442
xgboost__random_undersampling__p001__20260404_151842,xgboost,random_undersampling,0.001,amount_received,0.014773502014577389
xgboost__random_undersampling__p001__20260404_151842,xgboost,random_undersampling,0.001,payment_format,0.18055228888988495
xgboost__random_undersampling__p001__20260404_151842,xgboost,random_undersampling,0.001,payment_currency,0.004046290181577206
xgboost__random_undersampling__p001__20260404_151842,xgboost,random_undersampling,0.001,hour,0.010058548301458359
xgboost__random_undersampling__p001__20260404_151842,xgboost,random_undersampling,0.001,day_of_week,0.02102377824485302
xgboost__random_undersampling__p001__20260404_151842,xgboost,random_undersampling,0.001,same_bank_flag,0.03712446987628937
xgboost__random_undersampling__p001__20260404_151842,xgboost,random_undersampling,0.001,self_transfer_flag,0.1313389092683792
xgboost__random_undersampling__p001__20260404_151842,xgboost,random_undersampling,0.001,currency_mismatch,0.03188726678490639
xgboost__random_undersampling__p001__20260404_151842,xgboost,random_undersampling,0.001,amount_ratio,0.0007953710737638175
xgboost__random_undersampling__p001__20260404_151842,xgboost,random_undersampling,0.001,fan_in_score,0.023940328508615494
xgboost__random_undersampling__p001__20260404_151842,xgboost,random_undersampling,0.001,fan_out_score,0.010666866786777973
xgboost__random_undersampling__p001__20260404_151842,xgboost,random_undersampling,0.001,sender_tx_count_1d,0.02317355014383793
xgboost__random_undersampling__p001__20260404_151842,xgboost,random_undersampling,0.001,sender_tx_count_7d,0.08546628803014755
xgboost__random_undersampling__p001__20260404_151842,xgboost,random_undersampling,0.001,sender_tx_count_30d,0.017103981226682663
xgboost__random_undersampling__p001__20260404_151842,xgboost,random_undersampling,0.001,sender_avg_amount_7d,0.022980574518442154
xgboost__random_undersampling__p001__20260404_151842,xgboost,random_undersampling,0.001,sender_avg_amount_30d,0.012348278425633907
xgboost__random_undersampling__p001__20260404_151842,xgboost,random_undersampling,0.001,sender_unique_counterparties_7d,0.0597122460603714
xgboost__random_undersampling__p001__20260404_151842,xgboost,random_undersampling,0.001,sender_unique_counterparties_30d,0.11352438479661942
xgboost__random_undersampling__p001__20260404_151842,xgboost,random_undersampling,0.001,sender_cross_bank_ratio_30d,0.03535579890012741
xgboost__random_undersampling__p001__20260404_151842,xgboost,random_undersampling,0.001,sender_entity_type,0.024800267070531845
xgboost__random_undersampling__p001__20260404_151842,xgboost,random_undersampling,0.001,receiver_tx_count_1d,0.033405985683202744
xgboost__random_undersampling__p001__20260404_151842,xgboost,random_undersampling,0.001,receiver_tx_count_7d,0.05647468939423561
xgboost__random_undersampling__p001__20260404_151842,xgboost,random_undersampling,0.001,receiver_tx_count_30d,0.008847872726619244
xgboost__random_undersampling__p001__20260404_151842,xgboost,random_undersampling,0.001,receiver_avg_amount_7d,0.0024874445516616106
xgboost__random_undersampling__p001__20260404_151842,xgboost,random_undersampling,0.001,receiver_avg_amount_30d,0.011201378889381886
xgboost__random_undersampling__p001__20260404_151842,xgboost,random_undersampling,0.001,receiver_unique_counterparties_7d,0.007322582881897688
xgboost__random_undersampling__p001__20260404_151842,xgboost,random_undersampling,0.001,receiver_unique_counterparties_30d,0.009056848473846912
xgboost__random_undersampling__p001__20260404_151842,xgboost,random_undersampling,0.001,receiver_cross_bank_ratio_30d,0.0018782145343720913
xgboost__random_undersampling__p001__20260404_151842,xgboost,random_undersampling,0.001,receiver_entity_type,0.0014774908777326345
xgboost__random_undersampling__p005__20260404_151255,xgboost,random_undersampling,0.005,amount_paid,0.008231370709836483
xgboost__random_undersampling__p005__20260404_151255,xgboost,random_undersampling,0.005,amount_received,0.01263724360615015
xgboost__random_undersampling__p005__20260404_151255,xgboost,random_undersampling,0.005,payment_format,0.20682236552238464
xgboost__random_undersampling__p005__20260404_151255,xgboost,random_undersampling,0.005,payment_currency,0.0035238133277744055
xgboost__random_undersampling__p005__20260404_151255,xgboost,random_undersampling,0.005,hour,0.006770854350179434
xgboost__random_undersampling__p005__20260404_151255,xgboost,random_undersampling,0.005,day_of_week,0.02008163370192051
xgboost__random_undersampling__p005__20260404_151255,xgboost,random_undersampling,0.005,same_bank_flag,0.03907736763358116
xgboost__random_undersampling__p005__20260404_151255,xgboost,random_undersampling,0.005,self_transfer_flag,0.07829888164997101
xgboost__random_undersampling__p005__20260404_151255,xgboost,random_undersampling,0.005,currency_mismatch,0.06448394805192947
xgboost__random_undersampling__p005__20260404_151255,xgboost,random_undersampling,0.005,amount_ratio,0.001618637121282518
xgboost__random_undersampling__p005__20260404_151255,xgboost,random_undersampling,0.005,fan_in_score,0.027346426621079445
xgboost__random_undersampling__p005__20260404_151255,xgboost,random_undersampling,0.005,fan_out_score,0.012820658273994923
xgboost__random_undersampling__p005__20260404_151255,xgboost,random_undersampling,0.005,sender_tx_count_1d,0.01734301447868347
xgboost__random_undersampling__p005__20260404_151255,xgboost,random_undersampling,0.005,sender_tx_count_7d,0.09569438546895981
xgboost__random_undersampling__p005__20260404_151255,xgboost,random_undersampling,0.005,sender_tx_count_30d,0.018825432285666466
xgboost__random_undersampling__p005__20260404_151255,xgboost,random_undersampling,0.005,sender_avg_amount_7d,0.005919511895626783
xgboost__random_undersampling__p005__20260404_151255,xgboost,random_undersampling,0.005,sender_avg_amount_30d,0.014194763265550137
xgboost__random_undersampling__p005__20260404_151255,xgboost,random_undersampling,0.005,sender_unique_counterparties_7d,0.10569080710411072
xgboost__random_undersampling__p005__20260404_151255,xgboost,random_undersampling,0.005,sender_unique_counterparties_30d,0.05936330556869507
xgboost__random_undersampling__p005__20260404_151255,xgboost,random_undersampling,0.005,sender_cross_bank_ratio_30d,0.035414230078458786
xgboost__random_undersampling__p005__20260404_151255,xgboost,random_undersampling,0.005,sender_entity_type,0.022462399676442146
xgboost__random_undersampling__p005__20260404_151255,xgboost,random_undersampling,0.005,receiver_tx_count_1d,0.041990697383880615
xgboost__random_undersampling__p005__20260404_151255,xgboost,random_undersampling,0.005,receiver_tx_count_7d,0.05707898363471031
xgboost__random_undersampling__p005__20260404_151255,xgboost,random_undersampling,0.005,receiver_tx_count_30d,0.01245254185050726
xgboost__random_undersampling__p005__20260404_151255,xgboost,random_undersampling,0.005,receiver_avg_amount_7d,0.004341680556535721
xgboost__random_undersampling__p005__20260404_151255,xgboost,random_undersampling,0.005,receiver_avg_amount_30d,0.010881030932068825
xgboost__random_undersampling__p005__20260404_151255,xgboost,random_undersampling,0.005,receiver_unique_counterparties_7d,0.006250559817999601
xgboost__random_undersampling__p005__20260404_151255,xgboost,random_undersampling,0.005,receiver_unique_counterparties_30d,0.00791220273822546
xgboost__random_undersampling__p005__20260404_151255,xgboost,random_undersampling,0.005,receiver_cross_bank_ratio_30d,0.0015317441429942846
xgboost__random_undersampling__p005__20260404_151255,xgboost,random_undersampling,0.005,receiver_entity_type,0.0009393927175551653
xgboost__random_undersampling__p010__20260404_150729,xgboost,random_undersampling,0.01,amount_paid,0.008326778188347816
xgboost__random_undersampling__p010__20260404_150729,xgboost,random_undersampling,0.01,amount_received,0.014950149692595005
xgboost__random_undersampling__p010__20260404_150729,xgboost,random_undersampling,0.01,payment_format,0.2273714542388916
xgboost__random_undersampling__p010__20260404_150729,xgboost,random_undersampling,0.01,payment_currency,0.0036093113012611866
xgboost__random_undersampling__p010__20260404_150729,xgboost,random_undersampling,0.01,hour,0.006986839231103659
xgboost__random_undersampling__p010__20260404_150729,xgboost,random_undersampling,0.01,day_of_week,0.015269636176526546
xgboost__random_undersampling__p010__20260404_150729,xgboost,random_undersampling,0.01,same_bank_flag,0.02390512265264988
xgboost__random_undersampling__p010__20260404_150729,xgboost,random_undersampling,0.01,self_transfer_flag,0.0753031000494957
xgboost__random_undersampling__p010__20260404_150729,xgboost,random_undersampling,0.01,currency_mismatch,0.06087454408407211
xgboost__random_undersampling__p010__20260404_150729,xgboost,random_undersampling,0.01,amount_ratio,0.0017438060604035854
xgboost__random_undersampling__p010__20260404_150729,xgboost,random_undersampling,0.01,fan_in_score,0.030159078538417816
xgboost__random_undersampling__p010__20260404_150729,xgboost,random_undersampling,0.01,fan_out_score,0.011348431929945946
xgboost__random_undersampling__p010__20260404_150729,xgboost,random_undersampling,0.01,sender_tx_count_1d,0.02246238850057125
xgboost__random_undersampling__p010__20260404_150729,xgboost,random_undersampling,0.01,sender_tx_count_7d,0.12099280208349228
xgboost__random_undersampling__p010__20260404_150729,xgboost,random_undersampling,0.01,sender_tx_count_30d,0.016393473371863365
xgboost__random_undersampling__p010__20260404_150729,xgboost,random_undersampling,0.01,sender_avg_amount_7d,0.018095549196004868
xgboost__random_undersampling__p010__20260404_150729,xgboost,random_undersampling,0.01,sender_avg_amount_30d,0.01285083033144474
xgboost__random_undersampling__p010__20260404_150729,xgboost,random_undersampling,0.01,sender_unique_counterparties_7d,0.025506824254989624
xgboost__random_undersampling__p010__20260404_150729,xgboost,random_undersampling,0.01,sender_unique_counterparties_30d,0.11215150356292725
xgboost__random_undersampling__p010__20260404_150729,xgboost,random_undersampling,0.01,sender_cross_bank_ratio_30d,0.02973087877035141
xgboost__random_undersampling__p010__20260404_150729,xgboost,random_undersampling,0.01,sender_entity_type,0.023638330399990082
xgboost__random_undersampling__p010__20260404_150729,xgboost,random_undersampling,0.01,receiver_tx_count_1d,0.03594520688056946
xgboost__random_undersampling__p010__20260404_150729,xgboost,random_undersampling,0.01,receiver_tx_count_7d,0.061881229281425476
xgboost__random_undersampling__p010__20260404_150729,xgboost,random_undersampling,0.01,receiver_tx_count_30d,0.007933447137475014
xgboost__random_undersampling__p010__20260404_150729,xgboost,random_undersampling,0.01,receiver_avg_amount_7d,0.004341888707131147
xgboost__random_undersampling__p010__20260404_150729,xgboost,random_undersampling,0.01,receiver_avg_amount_30d,0.01157937478274107
xgboost__random_undersampling__p010__20260404_150729,xgboost,random_undersampling,0.01,receiver_unique_counterparties_7d,0.007332243490964174
xgboost__random_undersampling__p010__20260404_150729,xgboost,random_undersampling,0.01,receiver_unique_counterparties_30d,0.0065473029389977455
xgboost__random_undersampling__p010__20260404_150729,xgboost,random_undersampling,0.01,receiver_cross_bank_ratio_30d,0.0017493590712547302
xgboost__random_undersampling__p010__20260404_150729,xgboost,random_undersampling,0.01,receiver_entity_type,0.0010191999608650804
xgboost__smote__p001__20260407_085048,xgboost,smote,0.001,amount_paid,0.0034560589119791985
xgboost__smote__p001__20260407_085048,xgboost,smote,0.001,amount_received,0.006012677680701017
xgboost__smote__p001__20260407_085048,xgboost,smote,0.001,payment_format,0.07419170439243317
xgboost__smote__p001__20260407_085048,xgboost,smote,0.001,payment_currency,0.0027569986414164305
xgboost__smote__p001__20260407_085048,xgboost,smote,0.001,hour,0.003947907593101263
xgboost__smote__p001__20260407_085048,xgboost,smote,0.001,day_of_week,0.004830641206353903
xgboost__smote__p001__20260407_085048,xgboost,smote,0.001,same_bank_flag,0.08922338485717773
xgboost__smote__p001__20260407_085048,xgboost,smote,0.001,self_transfer_flag,0.02880287356674671
xgboost__smote__p001__20260407_085048,xgboost,smote,0.001,currency_mismatch,0.008903097361326218
xgboost__smote__p001__20260407_085048,xgboost,smote,0.001,amount_ratio,0.00012650452845264226
xgboost__smote__p001__20260407_085048,xgboost,smote,0.001,fan_in_score,0.008090972900390625
xgboost__smote__p001__20260407_085048,xgboost,smote,0.001,fan_out_score,0.0060831340961158276
xgboost__smote__p001__20260407_085048,xgboost,smote,0.001,sender_tx_count_1d,0.008088779635727406
xgboost__smote__p001__20260407_085048,xgboost,smote,0.001,sender_tx_count_7d,0.036836881190538406
xgboost__smote__p001__20260407_085048,xgboost,smote,0.001,sender_tx_count_30d,0.009649856016039848
xgboost__smote__p001__20260407_085048,xgboost,smote,0.001,sender_avg_amount_7d,0.002240438014268875
xgboost__smote__p001__20260407_085048,xgboost,smote,0.001,sender_avg_amount_30d,0.008168051019310951
xgboost__smote__p001__20260407_085048,xgboost,smote,0.001,sender_unique_counterparties_7d,0.017712658271193504
xgboost__smote__p001__20260407_085048,xgboost,smote,0.001,sender_unique_counterparties_30d,0.029327573254704475
xgboost__smote__p001__20260407_085048,xgboost,smote,0.001,sender_cross_bank_ratio_30d,0.014769665896892548
xgboost__smote__p001__20260407_085048,xgboost,smote,0.001,sender_entity_type,0.02455160766839981
xgboost__smote__p001__20260407_085048,xgboost,smote,0.001,receiver_tx_count_1d,0.03224523738026619
xgboost__smote__p001__20260407_085048,xgboost,smote,0.001,receiver_tx_count_7d,0.022112004458904266
xgboost__smote__p001__20260407_085048,xgboost,smote,0.001,receiver_tx_count_30d,0.008395186625421047
xgboost__smote__p001__20260407_085048,xgboost,smote,0.001,receiver_avg_amount_7d,0.0010873457649722695
xgboost__smote__p001__20260407_085048,xgboost,smote,0.001,receiver_avg_amount_30d,0.004340355284512043
xgboost__smote__p001__20260407_085048,xgboost,smote,0.001,receiver_unique_counterparties_7d,0.003935039509087801
xgboost__smote__p001__20260407_085048,xgboost,smote,0.001,receiver_unique_counterparties_30d,0.06577598303556442
xgboost__smote__p001__20260407_085048,xgboost,smote,0.001,receiver_cross_bank_ratio_30d,0.13281436264514923
xgboost__smote__p001__20260407_085048,xgboost,smote,0.001,receiver_entity_type,0.34152302145957947
xgboost__smote__p005__20260407_084334,xgboost,smote,0.005,amount_paid,0.006016007624566555
xgboost__smote__p005__20260407_084334,xgboost,smote,0.005,amount_received,0.009115634486079216
xgboost__smote__p005__20260407_084334,xgboost,smote,0.005,payment_format,0.25653836131095886
xgboost__smote__p005__20260407_084334,xgboost,smote,0.005,payment_currency,0.009624195285141468
xgboost__smote__p005__20260407_084334,xgboost,smote,0.005,hour,0.005006943829357624
xgboost__smote__p005__20260407_084334,xgboost,smote,0.005,day_of_week,0.02139665000140667
xgboost__smote__p005__20260407_084334,xgboost,smote,0.005,same_bank_flag,0.09106025844812393
xgboost__smote__p005__20260407_084334,xgboost,smote,0.005,self_transfer_flag,0.01673511415719986
xgboost__smote__p005__20260407_084334,xgboost,smote,0.005,currency_mismatch,0.0003769200702663511
xgboost__smote__p005__20260407_084334,xgboost,smote,0.005,amount_ratio,0.00010878443572437391
xgboost__smote__p005__20260407_084334,xgboost,smote,0.005,fan_in_score,0.008593805134296417
xgboost__smote__p005__20260407_084334,xgboost,smote,0.005,fan_out_score,0.008688506670296192
xgboost__smote__p005__20260407_084334,xgboost,smote,0.005,sender_tx_count_1d,0.02750423364341259
xgboost__smote__p005__20260407_084334,xgboost,smote,0.005,sender_tx_count_7d,0.0717129036784172
xgboost__smote__p005__20260407_084334,xgboost,smote,0.005,sender_tx_count_30d,0.007033223751932383
xgboost__smote__p005__20260407_084334,xgboost,smote,0.005,sender_avg_amount_7d,0.007821084931492805
xgboost__smote__p005__20260407_084334,xgboost,smote,0.005,sender_avg_amount_30d,0.008624342270195484
xgboost__smote__p005__20260407_084334,xgboost,smote,0.005,sender_unique_counterparties_7d,0.014546724036335945
xgboost__smote__p005__20260407_084334,xgboost,smote,0.005,sender_unique_counterparties_30d,0.03277900069952011
xgboost__smote__p005__20260407_084334,xgboost,smote,0.005,sender_cross_bank_ratio_30d,0.03558807447552681
xgboost__smote__p005__20260407_084334,xgboost,smote,0.005,sender_entity_type,0.0925961434841156
xgboost__smote__p005__20260407_084334,xgboost,smote,0.005,receiver_tx_count_1d,0.07525284588336945
xgboost__smote__p005__20260407_084334,xgboost,smote,0.005,receiver_tx_count_7d,0.041981205344200134
xgboost__smote__p005__20260407_084334,xgboost,smote,0.005,receiver_tx_count_30d,0.00566251901909709
xgboost__smote__p005__20260407_084334,xgboost,smote,0.005,receiver_avg_amount_7d,0.002124916994944215
xgboost__smote__p005__20260407_084334,xgboost,smote,0.005,receiver_avg_amount_30d,0.006109095178544521
xgboost__smote__p005__20260407_084334,xgboost,smote,0.005,receiver_unique_counterparties_7d,0.007786063011735678
xgboost__smote__p005__20260407_084334,xgboost,smote,0.005,receiver_unique_counterparties_30d,0.02591080032289028
xgboost__smote__p005__20260407_084334,xgboost,smote,0.005,receiver_cross_bank_ratio_30d,0.01300030667334795
xgboost__smote__p005__20260407_084334,xgboost,smote,0.005,receiver_entity_type,0.09070541709661484
xgboost__smote__p010__20260407_083543,xgboost,smote,0.01,amount_paid,0.008261744864284992
xgboost__smote__p010__20260407_083543,xgboost,smote,0.01,amount_received,0.011638779193162918
xgboost__smote__p010__20260407_083543,xgboost,smote,0.01,payment_format,0.1851225197315216
xgboost__smote__p010__20260407_083543,xgboost,smote,0.01,payment_currency,0.01112668588757515
xgboost__smote__p010__20260407_083543,xgboost,smote,0.01,hour,0.005567225627601147
xgboost__smote__p010__20260407_083543,xgboost,smote,0.01,day_of_week,0.030451390892267227
xgboost__smote__p010__20260407_083543,xgboost,smote,0.01,same_bank_flag,0.08572719246149063
xgboost__smote__p010__20260407_083543,xgboost,smote,0.01,self_transfer_flag,0.02408992499113083
xgboost__smote__p010__20260407_083543,xgboost,smote,0.01,currency_mismatch,0.0006483482429757714
xgboost__smote__p010__20260407_083543,xgboost,smote,0.01,amount_ratio,6.024515823810361e-05
xgboost__smote__p010__20260407_083543,xgboost,smote,0.01,fan_in_score,0.02185492403805256
xgboost__smote__p010__20260407_083543,xgboost,smote,0.01,fan_out_score,0.003214094787836075
xgboost__smote__p010__20260407_083543,xgboost,smote,0.01,sender_tx_count_1d,0.080652616918087
xgboost__smote__p010__20260407_083543,xgboost,smote,0.01,sender_tx_count_7d,0.08805981278419495
xgboost__smote__p010__20260407_083543,xgboost,smote,0.01,sender_tx_count_30d,0.008006080985069275
xgboost__smote__p010__20260407_083543,xgboost,smote,0.01,sender_avg_amount_7d,0.0024021402932703495
xgboost__smote__p010__20260407_083543,xgboost,smote,0.01,sender_avg_amount_30d,0.009990143589675426
xgboost__smote__p010__20260407_083543,xgboost,smote,0.01,sender_unique_counterparties_7d,0.030542194843292236
xgboost__smote__p010__20260407_083543,xgboost,smote,0.01,sender_unique_counterparties_30d,0.012215925380587578
xgboost__smote__p010__20260407_083543,xgboost,smote,0.01,sender_cross_bank_ratio_30d,0.0394565723836422
xgboost__smote__p010__20260407_083543,xgboost,smote,0.01,sender_entity_type,0.07393883168697357
xgboost__smote__p010__20260407_083543,xgboost,smote,0.01,receiver_tx_count_1d,0.04490269348025322
xgboost__smote__p010__20260407_083543,xgboost,smote,0.01,receiver_tx_count_7d,0.04676809534430504
xgboost__smote__p010__20260407_083543,xgboost,smote,0.01,receiver_tx_count_30d,0.004109089728444815
xgboost__smote__p010__20260407_083543,xgboost,smote,0.01,receiver_avg_amount_7d,0.0030531559605151415
xgboost__smote__p010__20260407_083543,xgboost,smote,0.01,receiver_avg_amount_30d,0.010008042678236961
xgboost__smote__p010__20260407_083543,xgboost,smote,0.01,receiver_unique_counterparties_7d,0.017743641510605812
xgboost__smote__p010__20260407_083543,xgboost,smote,0.01,receiver_unique_counterparties_30d,0.05182241275906563
xgboost__smote__p010__20260407_083543,xgboost,smote,0.01,receiver_cross_bank_ratio_30d,0.015045197680592537
xgboost__smote__p010__20260407_083543,xgboost,smote,0.01,receiver_entity_type,0.0735202208161354
